timestamp,device,packet_rate,byte_rate,conn_count,tcp_syn,udp_ratio,label
2024-01-01 09:00:00,webcam,6.031,4388.8,4,2,0.125,benign
2024-01-01 09:00:05,baby_monitor,6.197,6197.1,2,1,0.405,benign
2024-01-01 09:00:10,thermostat,13.863,3235.0,1,0,0.323,benign
2024-01-01 09:00:15,webcam,6.276,4846.8,3,3,0.328,benign
2024-01-01 09:00:20,doorbell,9.241,6484.9,5,1,0.576,benign
2024-01-01 09:00:25,doorbell,6.463,3166.7,1,0,0.733,benign
2024-01-01 09:00:30,doorbell,2.289,5629.6,3,0,0.204,benign
2024-01-01 09:00:35,baby_monitor,29.237,14831.5,4,0,0.962,attack
2024-01-01 09:00:40,webcam,9.626,2367.8,3,0,0.387,benign
2024-01-01 09:00:45,thermostat,11.745,5179.5,0,0,0.396,benign
2024-01-01 09:00:50,doorbell,4.079,3743.8,4,0,0.303,benign
2024-01-01 09:00:55,baby_monitor,7.229,3248.5,1,0,0.213,benign
2024-01-01 09:01:00,thermostat,13.203,5013.7,3,0,0.262,benign
2024-01-01 09:01:05,doorbell,4.895,2103.7,2,0,0.534,benign
2024-01-01 09:01:10,doorbell,11.497,3988.6,2,0,0.46,benign
2024-01-01 09:01:15,doorbell,9.18,8826.8,5,0,0.544,benign
2024-01-01 09:01:20,doorbell,6.506,5975.3,7,1,0.062,benign
2024-01-01 09:01:25,webcam,6.252,3677.9,5,1,0.349,benign
2024-01-01 09:01:30,webcam,5.596,7106.2,4,2,0.409,benign
2024-01-01 09:01:35,doorbell,9.602,3511.9,4,2,0.168,benign
2024-01-01 09:01:40,webcam,10.117,4169.5,2,1,0.084,benign
2024-01-01 09:01:45,doorbell,33.288,6647.8,5,0,0.963,attack
2024-01-01 09:01:50,doorbell,24.658,15139.1,4,0,0.852,attack
2024-01-01 09:01:55,webcam,11.349,7052.9,1,0,0.36,benign
2024-01-01 09:02:00,webcam,13.809,3501.5,2,1,0.6,benign
2024-01-01 09:02:05,thermostat,12.272,1909.3,6,0,0.335,benign
2024-01-01 09:02:10,doorbell,21.344,6636.5,4,1,0.257,benign
2024-01-01 09:02:15,webcam,8.565,7330.7,1,0,0.271,benign
2024-01-01 09:02:20,webcam,16.623,2007.4,2,0,0.179,benign
2024-01-01 09:02:25,doorbell,14.887,16872.0,4,1,0.717,attack
2024-01-01 09:02:30,webcam,6.289,5339.8,1,0,0.239,benign
2024-01-01 09:02:35,doorbell,33.491,12591.8,7,1,1.0,attack
2024-01-01 09:02:40,doorbell,18.26,2908.5,2,0,0.19,benign
2024-01-01 09:02:45,baby_monitor,35.126,20039.7,7,2,0.97,attack
2024-01-01 09:02:50,baby_monitor,4.078,5268.6,3,1,0.246,benign
2024-01-01 09:02:55,thermostat,13.692,5381.6,3,2,0.482,benign
2024-01-01 09:03:00,doorbell,9.001,4067.3,6,1,0.51,benign
2024-01-01 09:03:05,doorbell,10.685,3797.1,2,0,0.245,benign
2024-01-01 09:03:10,thermostat,6.447,1317.5,6,2,0.234,benign
2024-01-01 09:03:15,webcam,9.831,4658.0,1,0,0.469,benign
2024-01-01 09:03:20,doorbell,4.396,7158.2,4,2,0.339,benign
2024-01-01 09:03:25,webcam,19.992,3664.6,1,1,0.069,benign
2024-01-01 09:03:30,doorbell,14.821,2716.4,4,1,0.273,benign
2024-01-01 09:03:35,baby_monitor,9.63,5653.5,4,0,0.27,benign
2024-01-01 09:03:40,doorbell,13.524,5930.1,4,1,0.131,benign
2024-01-01 09:03:45,thermostat,6.82,4121.1,1,1,0.19,benign
2024-01-01 09:03:50,doorbell,14.528,4476.9,4,1,0.184,benign
2024-01-01 09:03:55,webcam,7.96,5395.9,4,0,0.561,benign
2024-01-01 09:04:00,webcam,7.696,4766.7,1,0,0.264,benign
2024-01-01 09:04:05,doorbell,5.785,6500.2,2,0,0.465,benign
2024-01-01 09:04:10,baby_monitor,11.286,8655.9,2,1,0.281,benign
2024-01-01 09:04:15,thermostat,9.438,2436.3,2,0,0.286,benign
2024-01-01 09:04:20,baby_monitor,16.861,6844.6,4,1,0.553,benign
2024-01-01 09:04:25,baby_monitor,5.455,5157.9,0,0,0.181,benign
2024-01-01 09:04:30,webcam,11.309,7082.3,2,0,0.228,benign
2024-01-01 09:04:35,baby_monitor,15.461,6086.5,2,0,0.49,benign
2024-01-01 09:04:40,doorbell,25.588,5091.7,3,0,0.439,benign
2024-01-01 09:04:45,doorbell,10.199,6140.0,2,0,0.536,benign
2024-01-01 09:04:50,doorbell,7.889,4408.8,0,0,0.493,benign
2024-01-01 09:04:55,doorbell,10.08,3838.5,3,3,0.239,benign
2024-01-01 09:05:00,webcam,16.262,6216.3,5,2,0.097,benign
2024-01-01 09:05:05,doorbell,16.259,3733.5,4,2,0.636,benign
2024-01-01 09:05:10,thermostat,8.832,5963.6,4,2,0.129,benign
2024-01-01 09:05:15,webcam,16.133,5046.1,3,0,0.058,benign
2024-01-01 09:05:20,doorbell,9.235,1505.8,2,0,0.208,benign
2024-01-01 09:05:25,webcam,13.457,4138.4,2,0,0.466,benign
2024-01-01 09:05:30,doorbell,11.9,5502.3,2,1,0.208,benign
2024-01-01 09:05:35,thermostat,7.741,4391.0,2,1,0.497,benign
2024-01-01 09:05:40,doorbell,5.888,1179.9,4,0,0.608,benign
2024-01-01 09:05:45,baby_monitor,15.642,6981.1,3,0,0.07,benign
2024-01-01 09:05:50,thermostat,17.57,5254.1,3,0,0.305,benign
2024-01-01 09:05:55,doorbell,11.189,5665.6,5,1,0.715,benign
2024-01-01 09:06:00,doorbell,9.229,4290.1,3,1,0.448,benign
2024-01-01 09:06:05,thermostat,5.11,5797.2,5,1,0.463,benign
2024-01-01 09:06:10,thermostat,15.463,7752.2,5,2,0.173,benign
2024-01-01 09:06:15,thermostat,10.612,3897.4,2,0,0.177,benign
2024-01-01 09:06:20,thermostat,8.259,7500.5,0,0,0.313,benign
2024-01-01 09:06:25,doorbell,13.627,5597.8,4,2,0.422,benign
2024-01-01 09:06:30,webcam,4.642,3695.9,3,2,0.273,benign
2024-01-01 09:06:35,doorbell,5.644,8318.6,2,0,0.467,benign
2024-01-01 09:06:40,baby_monitor,6.701,5587.5,4,0,0.555,benign
2024-01-01 09:06:45,webcam,11.734,6014.7,0,0,0.059,benign
2024-01-01 09:06:50,doorbell,10.131,4596.0,1,0,0.515,benign
2024-01-01 09:06:55,doorbell,12.353,3805.5,2,1,0.493,benign
2024-01-01 09:07:00,doorbell,14.996,5251.7,2,1,0.234,benign
2024-01-01 09:07:05,doorbell,12.551,7372.2,2,0,0.118,benign
2024-01-01 09:07:10,thermostat,20.183,4535.5,4,1,0.434,benign
2024-01-01 09:07:15,webcam,14.98,4959.9,5,0,0.265,benign
2024-01-01 09:07:20,baby_monitor,8.823,7184.5,0,1,0.295,benign
2024-01-01 09:07:25,webcam,7.206,4549.5,0,1,0.147,benign
2024-01-01 09:07:30,doorbell,8.948,5765.4,2,0,0.16,benign
2024-01-01 09:07:35,thermostat,12.746,6316.0,3,0,0.286,benign
2024-01-01 09:07:40,thermostat,29.676,13132.8,6,0,0.733,attack
2024-01-01 09:07:45,webcam,12.903,5464.8,2,1,0.179,benign
2024-01-01 09:07:50,thermostat,12.252,5991.7,1,0,0.509,benign
2024-01-01 09:07:55,webcam,5.847,4398.6,2,1,0.401,benign
2024-01-01 09:08:00,webcam,14.855,6223.6,1,1,0.413,benign
2024-01-01 09:08:05,webcam,11.012,4179.5,3,1,0.675,benign
2024-01-01 09:08:10,doorbell,19.741,3987.4,6,1,0.138,benign
2024-01-01 09:08:15,doorbell,9.25,2709.4,4,0,0.415,benign
2024-01-01 09:08:20,doorbell,8.084,4244.8,2,0,0.582,benign
2024-01-01 09:08:25,webcam,5.481,3776.7,2,0,0.197,benign
2024-01-01 09:08:30,doorbell,5.438,4398.7,0,0,0.23,benign
2024-01-01 09:08:35,webcam,14.071,5918.0,2,0,0.439,benign
2024-01-01 09:08:40,baby_monitor,18.846,2411.5,2,0,0.393,benign
2024-01-01 09:08:45,doorbell,8.889,2038.0,0,0,0.099,benign
2024-01-01 09:08:50,webcam,8.623,3876.4,3,1,0.324,benign
2024-01-01 09:08:55,thermostat,9.639,5691.8,2,0,0.045,benign
2024-01-01 09:09:00,doorbell,15.307,5433.3,2,0,0.457,benign
2024-01-01 09:09:05,doorbell,25.594,11355.3,7,0,0.925,attack
2024-01-01 09:09:10,doorbell,10.402,6754.1,1,0,0.424,benign
2024-01-01 09:09:15,doorbell,14.212,4012.4,7,2,0.13,benign
2024-01-01 09:09:20,baby_monitor,11.67,5693.7,3,0,0.267,benign
2024-01-01 09:09:25,thermostat,1.848,4455.8,5,3,0.105,benign
2024-01-01 09:09:30,webcam,62.322,12981.6,7,0,0.9,attack
2024-01-01 09:09:35,baby_monitor,11.721,4092.4,4,1,0.121,benign
2024-01-01 09:09:40,thermostat,16.615,6101.0,1,0,0.148,benign
2024-01-01 09:09:45,doorbell,18.176,5541.5,2,1,0.455,benign
2024-01-01 09:09:50,baby_monitor,16.245,6452.2,1,1,0.233,benign
2024-01-01 09:09:55,webcam,27.319,18492.1,7,2,0.804,attack
2024-01-01 09:10:00,thermostat,3.982,2583.2,3,3,0.228,benign
2024-01-01 09:10:05,baby_monitor,22.206,8171.6,4,0,0.055,benign
2024-01-01 09:10:10,doorbell,35.733,13981.1,6,0,0.77,attack
2024-01-01 09:10:15,doorbell,9.523,5772.0,2,0,0.531,benign
2024-01-01 09:10:20,doorbell,18.739,4434.7,3,1,0.178,benign
2024-01-01 09:10:25,webcam,6.479,6669.8,3,0,0.06,benign
2024-01-01 09:10:30,thermostat,4.713,3360.3,3,1,0.165,benign
2024-01-01 09:10:35,baby_monitor,7.599,5914.7,2,1,0.304,benign
2024-01-01 09:10:40,doorbell,6.65,1880.6,2,0,0.085,benign
2024-01-01 09:10:45,webcam,4.48,6015.8,4,0,0.468,benign
2024-01-01 09:10:50,webcam,8.979,3380.7,2,0,0.159,benign
2024-01-01 09:10:55,doorbell,9.694,5415.5,2,1,0.065,benign
2024-01-01 09:11:00,doorbell,4.346,7036.0,2,0,0.073,benign
2024-01-01 09:11:05,doorbell,8.06,6234.1,1,1,0.303,benign
2024-01-01 09:11:10,baby_monitor,6.446,6836.6,0,0,0.226,benign
2024-01-01 09:11:15,doorbell,3.35,6681.3,2,1,0.197,benign
2024-01-01 09:11:20,webcam,9.839,4213.6,5,1,0.397,benign
2024-01-01 09:11:25,thermostat,10.285,5897.5,4,0,0.345,benign
2024-01-01 09:11:30,webcam,6.447,2412.6,3,2,0.325,benign
2024-01-01 09:11:35,baby_monitor,14.797,3969.6,5,1,0.246,benign
2024-01-01 09:11:40,baby_monitor,9.426,7089.0,0,1,0.447,benign
2024-01-01 09:11:45,doorbell,6.595,4422.4,0,0,0.14,benign
2024-01-01 09:11:50,webcam,4.202,2198.0,3,1,0.182,benign
2024-01-01 09:11:55,doorbell,10.536,8020.5,0,0,0.607,benign
2024-01-01 09:12:00,doorbell,11.708,5843.4,1,0,0.176,benign
2024-01-01 09:12:05,doorbell,7.398,6146.7,1,0,0.607,benign
2024-01-01 09:12:10,webcam,9.982,3529.3,3,1,0.067,benign
2024-01-01 09:12:15,webcam,18.175,5426.1,3,1,0.216,benign
2024-01-01 09:12:20,doorbell,13.769,5386.4,2,0,0.545,benign
2024-01-01 09:12:25,doorbell,2.782,3767.8,2,2,0.211,benign
2024-01-01 09:12:30,baby_monitor,6.558,4745.3,2,2,0.428,benign
2024-01-01 09:12:35,doorbell,8.778,2749.3,0,0,0.405,benign
2024-01-01 09:12:40,doorbell,9.669,4479.9,2,1,0.143,benign
2024-01-01 09:12:45,webcam,10.081,6460.8,4,0,0.043,benign
2024-01-01 09:12:50,baby_monitor,11.376,3879.7,4,1,0.22,benign
2024-01-01 09:12:55,doorbell,8.914,7860.9,5,1,0.364,benign
2024-01-01 09:13:00,thermostat,9.415,2845.9,1,1,0.238,benign
2024-01-01 09:13:05,thermostat,14.087,4609.7,3,0,0.218,benign
2024-01-01 09:13:10,doorbell,10.63,4015.4,2,0,0.04,benign
2024-01-01 09:13:15,thermostat,5.213,4729.7,1,0,0.304,benign
2024-01-01 09:13:20,webcam,9.81,7057.2,1,0,0.309,benign
2024-01-01 09:13:25,webcam,8.789,3523.3,2,1,0.718,benign
2024-01-01 09:13:30,webcam,3.335,4323.1,1,0,0.44,benign
2024-01-01 09:13:35,webcam,10.041,5981.8,1,0,0.23,benign
2024-01-01 09:13:40,doorbell,5.56,5139.7,2,2,0.089,benign
2024-01-01 09:13:45,thermostat,14.18,5262.8,1,1,0.231,benign
2024-01-01 09:13:50,doorbell,11.303,3552.1,4,2,0.342,benign
2024-01-01 09:13:55,doorbell,5.068,4892.6,1,0,0.253,benign
2024-01-01 09:14:00,doorbell,13.894,6697.4,1,0,0.386,benign
2024-01-01 09:14:05,webcam,16.735,2585.7,3,1,0.396,benign
2024-01-01 09:14:10,thermostat,8.294,3954.0,3,0,0.356,benign
2024-01-01 09:14:15,doorbell,8.765,2276.7,1,1,0.2,benign
2024-01-01 09:14:20,webcam,13.293,5805.5,2,0,0.364,benign
2024-01-01 09:14:25,doorbell,16.179,6838.2,3,2,0.457,benign
2024-01-01 09:14:30,webcam,3.836,4724.9,2,0,0.271,benign
2024-01-01 09:14:35,doorbell,5.369,3491.7,3,1,0.046,benign
2024-01-01 09:14:40,thermostat,7.669,3535.6,3,0,0.08,benign
2024-01-01 09:14:45,webcam,22.902,11109.5,6,0,0.97,attack
2024-01-01 09:14:50,baby_monitor,13.123,4548.7,2,1,0.21,benign
2024-01-01 09:14:55,doorbell,16.216,6367.7,5,0,0.673,benign
2024-01-01 09:15:00,doorbell,16.755,3996.7,3,1,0.084,benign
2024-01-01 09:15:05,doorbell,15.102,14797.4,7,1,0.932,attack
2024-01-01 09:15:10,baby_monitor,6.267,4541.8,1,0,0.041,benign
2024-01-01 09:15:15,baby_monitor,4.952,3882.9,0,1,0.122,benign
2024-01-01 09:15:20,doorbell,7.0,4504.4,3,0,0.391,benign
2024-01-01 09:15:25,thermostat,6.254,5504.8,2,1,0.486,benign
2024-01-01 09:15:30,thermostat,48.008,16990.4,10,0,0.768,attack
2024-01-01 09:15:35,webcam,11.898,4622.0,1,0,0.421,benign
2024-01-01 09:15:40,webcam,9.361,3194.1,5,0,0.447,benign
2024-01-01 09:15:45,doorbell,8.957,6499.6,3,0,0.123,benign
2024-01-01 09:15:50,doorbell,7.824,3652.7,1,0,0.265,benign
2024-01-01 09:15:55,baby_monitor,8.259,5391.2,6,1,0.64,benign
2024-01-01 09:16:00,baby_monitor,18.084,4962.8,2,0,0.215,benign
2024-01-01 09:16:05,webcam,12.68,4762.1,0,0,0.19,benign
2024-01-01 09:16:10,doorbell,7.964,4269.5,5,1,0.305,benign
2024-01-01 09:16:15,doorbell,8.877,5930.2,0,0,0.083,benign
2024-01-01 09:16:20,thermostat,11.404,100.0,2,0,0.131,benign
2024-01-01 09:16:25,baby_monitor,5.067,6704.7,3,0,0.43,benign
2024-01-01 09:16:30,baby_monitor,40.675,11351.1,9,0,0.91,attack
2024-01-01 09:16:35,thermostat,12.37,5611.9,2,0,0.525,benign
2024-01-01 09:16:40,webcam,11.669,5532.5,7,0,0.239,benign
2024-01-01 09:16:45,doorbell,6.327,6912.5,2,2,0.233,benign
2024-01-01 09:16:50,doorbell,6.9,5296.6,5,1,0.362,benign
2024-01-01 09:16:55,baby_monitor,10.678,8671.8,7,0,0.885,attack
2024-01-01 09:17:00,webcam,12.952,2592.9,3,0,0.433,benign
2024-01-01 09:17:05,doorbell,21.468,4476.8,2,1,0.299,benign
2024-01-01 09:17:10,doorbell,5.898,2062.7,2,0,0.297,benign
2024-01-01 09:17:15,thermostat,14.944,4057.3,2,1,0.129,benign
2024-01-01 09:17:20,doorbell,20.609,4561.1,5,2,0.089,benign
2024-01-01 09:17:25,doorbell,7.464,3965.1,2,0,0.349,benign
2024-01-01 09:17:30,webcam,8.883,5062.7,5,0,0.219,benign
2024-01-01 09:17:35,thermostat,10.473,4645.8,5,2,0.095,benign
2024-01-01 09:17:40,thermostat,11.503,4508.5,2,1,0.37,benign
2024-01-01 09:17:45,doorbell,10.729,1363.8,3,1,0.594,benign
2024-01-01 09:17:50,thermostat,7.741,3057.9,4,1,0.158,benign
2024-01-01 09:17:55,doorbell,12.285,5964.0,3,0,0.249,benign
2024-01-01 09:18:00,doorbell,7.826,6206.4,2,0,0.173,benign
2024-01-01 09:18:05,thermostat,11.059,2241.8,6,2,0.205,benign
2024-01-01 09:18:10,webcam,9.207,3777.9,1,1,0.236,benign
2024-01-01 09:18:15,thermostat,3.578,6607.9,3,1,0.18,benign
2024-01-01 09:18:20,thermostat,15.916,3922.9,3,1,0.338,benign
2024-01-01 09:18:25,webcam,6.989,4832.8,3,0,0.055,benign
2024-01-01 09:18:30,doorbell,16.62,7162.7,2,0,0.328,benign
2024-01-01 09:18:35,webcam,14.68,4457.6,5,1,0.18,benign
2024-01-01 09:18:40,doorbell,10.331,4242.9,2,0,0.135,benign
2024-01-01 09:18:45,doorbell,11.771,4764.4,1,0,0.184,benign
2024-01-01 09:18:50,baby_monitor,12.408,7780.1,2,0,0.55,benign
2024-01-01 09:18:55,webcam,8.506,5669.3,1,0,0.332,benign
2024-01-01 09:19:00,baby_monitor,8.695,5028.6,0,1,0.42,benign
2024-01-01 09:19:05,webcam,12.14,4213.5,3,0,0.125,benign
2024-01-01 09:19:10,thermostat,9.253,5808.2,3,0,0.136,benign
2024-01-01 09:19:15,webcam,7.753,5989.5,4,1,0.453,benign
2024-01-01 09:19:20,webcam,6.377,3390.2,1,1,0.354,benign
2024-01-01 09:19:25,webcam,11.205,6029.9,3,1,0.175,benign
2024-01-01 09:19:30,doorbell,6.879,4773.3,3,0,0.054,benign
2024-01-01 09:19:35,thermostat,13.577,5037.2,0,0,0.3,benign
2024-01-01 09:19:40,doorbell,14.087,3673.6,1,0,0.251,benign
2024-01-01 09:19:45,doorbell,11.73,4400.0,4,0,0.206,benign
2024-01-01 09:19:50,webcam,12.83,3454.8,1,1,0.213,benign
2024-01-01 09:19:55,doorbell,11.746,3382.7,2,1,0.523,benign
2024-01-01 09:20:00,baby_monitor,13.236,5565.6,3,0,0.327,benign
2024-01-01 09:20:05,baby_monitor,12.986,4467.3,1,0,0.183,benign
2024-01-01 09:20:10,baby_monitor,10.936,3050.5,3,0,0.205,benign
2024-01-01 09:20:15,webcam,14.762,8265.6,2,1,0.637,benign
2024-01-01 09:20:20,doorbell,8.646,3313.0,5,1,0.437,benign
2024-01-01 09:20:25,baby_monitor,6.471,6638.2,1,0,0.305,benign
2024-01-01 09:20:30,webcam,6.311,2785.3,1,0,0.342,benign
2024-01-01 09:20:35,baby_monitor,8.065,5684.8,5,1,0.546,benign
2024-01-01 09:20:40,baby_monitor,3.31,4624.2,0,0,0.6,benign
2024-01-01 09:20:45,baby_monitor,10.286,4056.4,2,0,0.44,benign
2024-01-01 09:20:50,doorbell,39.282,19938.8,5,0,0.764,attack
2024-01-01 09:20:55,webcam,65.469,15593.5,4,1,0.73,attack
2024-01-01 09:21:00,baby_monitor,3.968,3781.3,1,0,0.649,benign
2024-01-01 09:21:05,doorbell,6.411,3713.4,4,0,0.409,benign
2024-01-01 09:21:10,doorbell,13.395,2639.1,4,0,0.092,benign
2024-01-01 09:21:15,webcam,8.521,5458.3,2,0,0.459,benign
2024-01-01 09:21:20,baby_monitor,12.357,3119.3,2,0,0.252,benign
2024-01-01 09:21:25,thermostat,4.938,5006.0,2,1,0.401,benign
2024-01-01 09:21:30,webcam,16.533,5888.7,2,0,0.115,benign
2024-01-01 09:21:35,doorbell,4.744,5312.1,5,0,0.323,benign
2024-01-01 09:21:40,webcam,1.422,3915.3,4,0,0.266,benign
2024-01-01 09:21:45,baby_monitor,10.15,6363.2,0,0,0.32,benign
2024-01-01 09:21:50,doorbell,10.269,4388.0,3,0,0.175,benign
2024-01-01 09:21:55,webcam,7.366,2998.8,3,1,0.24,benign
2024-01-01 09:22:00,baby_monitor,45.655,14673.1,5,0,0.796,attack
2024-01-01 09:22:05,thermostat,11.692,5880.2,2,0,0.315,benign
2024-01-01 09:22:10,thermostat,11.133,3988.4,3,1,0.396,benign
2024-01-01 09:22:15,thermostat,7.303,6317.3,6,3,0.278,benign
2024-01-01 09:22:20,webcam,6.642,3844.5,1,1,0.508,benign
2024-01-01 09:22:25,doorbell,7.674,4048.7,0,0,0.406,benign
2024-01-01 09:22:30,thermostat,6.212,3430.9,1,1,0.224,benign
2024-01-01 09:22:35,thermostat,15.063,6025.6,1,0,0.248,benign
2024-01-01 09:22:40,baby_monitor,7.987,4920.1,0,0,0.148,benign
2024-01-01 09:22:45,baby_monitor,10.02,3530.4,1,0,0.217,benign
2024-01-01 09:22:50,webcam,13.371,4405.7,4,1,0.225,benign
2024-01-01 09:22:55,webcam,6.066,393.3,1,1,0.453,benign
2024-01-01 09:23:00,thermostat,4.642,6167.0,6,0,0.143,benign
2024-01-01 09:23:05,webcam,6.222,4743.9,1,0,0.277,benign
2024-01-01 09:23:10,thermostat,10.514,1390.6,2,1,0.233,benign
2024-01-01 09:23:15,thermostat,10.195,2815.0,3,2,0.322,benign
2024-01-01 09:23:20,baby_monitor,11.124,4367.6,0,0,0.324,benign
2024-01-01 09:23:25,doorbell,8.894,3028.7,6,3,0.254,benign
2024-01-01 09:23:30,webcam,2.264,6190.0,4,0,0.186,benign
2024-01-01 09:23:35,doorbell,8.765,5627.9,1,0,0.637,benign
2024-01-01 09:23:40,webcam,14.157,5539.3,2,0,0.261,benign
2024-01-01 09:23:45,doorbell,15.757,1093.5,7,1,0.658,benign
2024-01-01 09:23:50,webcam,45.341,11398.9,7,0,0.815,attack
2024-01-01 09:23:55,webcam,24.392,10716.4,7,1,0.703,attack
2024-01-01 09:24:00,doorbell,39.049,10189.0,6,2,0.902,attack
2024-01-01 09:24:05,webcam,15.561,4377.2,4,1,0.105,benign
2024-01-01 09:24:10,doorbell,9.336,3310.6,1,0,0.367,benign
2024-01-01 09:24:15,doorbell,12.179,5322.8,4,1,0.047,benign
2024-01-01 09:24:20,thermostat,7.151,6149.8,2,0,0.329,benign
2024-01-01 09:24:25,webcam,4.99,6020.6,5,0,0.146,benign
2024-01-01 09:24:30,doorbell,7.509,4793.1,2,0,0.298,benign
2024-01-01 09:24:35,webcam,17.12,7998.9,1,0,0.298,benign
2024-01-01 09:24:40,thermostat,12.288,6710.0,0,0,0.155,benign
2024-01-01 09:24:45,doorbell,5.227,4847.7,2,1,0.198,benign
2024-01-01 09:24:50,webcam,12.54,4276.6,1,0,0.482,benign
2024-01-01 09:24:55,doorbell,5.426,7007.0,1,1,0.504,benign
2024-01-01 09:25:00,doorbell,11.056,6511.4,1,0,0.28,benign
2024-01-01 09:25:05,webcam,5.953,2884.4,3,2,0.388,benign
2024-01-01 09:25:10,webcam,5.08,6628.7,6,0,0.582,benign
2024-01-01 09:25:15,webcam,18.381,4768.4,2,0,0.27,benign
2024-01-01 09:25:20,thermostat,7.984,3708.6,0,0,0.115,benign
2024-01-01 09:25:25,baby_monitor,44.407,4897.7,3,1,0.842,attack
2024-01-01 09:25:30,webcam,9.511,4596.6,2,0,0.122,benign
2024-01-01 09:25:35,doorbell,5.638,4981.7,5,0,0.132,benign
2024-01-01 09:25:40,thermostat,8.38,7381.0,4,2,0.39,benign
2024-01-01 09:25:45,doorbell,5.663,6435.9,1,0,0.135,benign
2024-01-01 09:25:50,webcam,24.119,4125.7,2,0,0.067,benign
2024-01-01 09:25:55,doorbell,13.15,5584.0,4,0,0.22,benign
2024-01-01 09:26:00,doorbell,9.431,6239.4,3,1,0.111,benign
2024-01-01 09:26:05,baby_monitor,11.902,5128.9,2,0,0.425,benign
2024-01-01 09:26:10,thermostat,12.778,4119.3,2,0,0.342,benign
2024-01-01 09:26:15,thermostat,12.793,4201.7,2,0,0.56,benign
2024-01-01 09:26:20,webcam,12.553,5578.2,0,0,0.349,benign
2024-01-01 09:26:25,doorbell,12.131,5619.5,5,2,0.274,benign
2024-01-01 09:26:30,doorbell,9.78,4560.6,3,0,0.66,benign
2024-01-01 09:26:35,doorbell,17.753,1071.3,3,0,0.249,benign
2024-01-01 09:26:40,webcam,10.063,3064.2,2,0,0.081,benign
2024-01-01 09:26:45,thermostat,9.555,5929.5,5,0,0.402,benign
2024-01-01 09:26:50,thermostat,10.102,1803.7,2,0,0.241,benign
2024-01-01 09:26:55,doorbell,10.428,6776.3,2,0,0.291,benign
2024-01-01 09:27:00,baby_monitor,3.985,6554.2,2,0,0.149,benign
2024-01-01 09:27:05,thermostat,6.192,5061.6,0,1,0.184,benign
2024-01-01 09:27:10,webcam,8.894,5896.9,3,0,0.245,benign
2024-01-01 09:27:15,webcam,3.882,5793.2,4,1,0.098,benign
2024-01-01 09:27:20,webcam,9.424,4824.7,1,0,0.197,benign
2024-01-01 09:27:25,doorbell,10.366,2939.2,4,1,0.267,benign
2024-01-01 09:27:30,webcam,4.879,6450.9,3,1,0.412,benign
2024-01-01 09:27:35,thermostat,6.916,7110.8,2,0,0.107,benign
2024-01-01 09:27:40,doorbell,16.038,3187.1,5,0,0.185,benign
2024-01-01 09:27:45,doorbell,11.956,2883.1,3,1,0.124,benign
2024-01-01 09:27:50,doorbell,11.656,4794.8,2,0,0.274,benign
2024-01-01 09:27:55,doorbell,15.177,4060.7,4,0,0.182,benign
2024-01-01 09:28:00,baby_monitor,6.25,5217.4,2,0,0.115,benign
2024-01-01 09:28:05,thermostat,4.886,6812.0,2,0,0.355,benign
2024-01-01 09:28:10,webcam,14.282,1631.5,3,1,0.392,benign
2024-01-01 09:28:15,doorbell,9.009,7371.9,5,0,0.265,benign
2024-01-01 09:28:20,webcam,6.17,4390.0,2,0,0.837,benign
2024-01-01 09:28:25,webcam,21.585,5767.7,2,0,0.322,benign
2024-01-01 09:28:30,doorbell,3.968,5928.1,2,0,0.121,benign
2024-01-01 09:28:35,webcam,10.154,6103.0,4,3,0.38,benign
2024-01-01 09:28:40,webcam,8.536,5092.9,4,0,0.266,benign
2024-01-01 09:28:45,webcam,7.873,5443.3,1,1,0.285,benign
2024-01-01 09:28:50,webcam,10.247,15795.9,6,0,0.726,attack
2024-01-01 09:28:55,doorbell,17.65,4054.6,1,0,0.163,benign
2024-01-01 09:29:00,webcam,4.434,2362.9,0,0,0.065,benign
2024-01-01 09:29:05,webcam,8.228,3171.2,5,1,0.171,benign
2024-01-01 09:29:10,webcam,7.599,4843.6,0,1,0.287,benign
2024-01-01 09:29:15,baby_monitor,12.114,3819.8,3,1,0.132,benign
2024-01-01 09:29:20,thermostat,3.991,3823.3,4,0,0.39,benign
2024-01-01 09:29:25,doorbell,11.476,7698.9,3,0,0.361,benign
2024-01-01 09:29:30,doorbell,10.177,6288.3,1,0,0.139,benign
2024-01-01 09:29:35,webcam,6.755,4621.9,3,2,0.262,benign
2024-01-01 09:29:40,doorbell,11.297,6008.1,2,0,0.669,benign
2024-01-01 09:29:45,webcam,9.416,4369.6,2,1,0.421,benign
2024-01-01 09:29:50,baby_monitor,19.501,5166.1,1,0,0.233,benign
2024-01-01 09:29:55,webcam,8.533,5662.4,2,1,0.335,benign
2024-01-01 09:30:00,webcam,16.585,16161.6,6,1,0.912,attack
2024-01-01 09:30:05,webcam,11.527,3972.1,3,0,0.199,benign
2024-01-01 09:30:10,webcam,8.045,6835.9,3,2,0.802,benign
2024-01-01 09:30:15,webcam,9.33,5921.2,1,0,0.068,benign
2024-01-01 09:30:20,baby_monitor,4.906,1618.1,5,1,0.35,benign
2024-01-01 09:30:25,webcam,24.693,8869.4,11,0,0.768,attack
2024-01-01 09:30:30,baby_monitor,7.446,3828.1,2,1,0.307,benign
2024-01-01 09:30:35,baby_monitor,10.53,4068.3,2,0,0.301,benign
2024-01-01 09:30:40,doorbell,21.662,6293.6,5,0,0.541,benign
2024-01-01 09:30:45,doorbell,8.306,5028.8,3,1,0.212,benign
2024-01-01 09:30:50,doorbell,12.932,2915.6,4,1,0.335,benign
2024-01-01 09:30:55,doorbell,8.572,4425.2,3,1,0.016,benign
2024-01-01 09:31:00,doorbell,25.842,13043.7,7,0,0.797,attack
2024-01-01 09:31:05,thermostat,48.949,11324.9,8,0,0.885,attack
2024-01-01 09:31:10,doorbell,3.369,4033.0,7,1,0.125,benign
2024-01-01 09:31:15,doorbell,14.398,5496.8,4,1,0.35,benign
2024-01-01 09:31:20,thermostat,3.147,7427.3,1,0,0.358,benign
2024-01-01 09:31:25,doorbell,13.745,5692.1,1,0,0.34,benign
2024-01-01 09:31:30,thermostat,9.395,6951.4,2,1,0.242,benign
2024-01-01 09:31:35,doorbell,5.789,4133.6,2,0,0.227,benign
2024-01-01 09:31:40,doorbell,7.683,4987.5,3,0,0.055,benign
2024-01-01 09:31:45,thermostat,12.624,4957.2,3,1,0.294,benign
2024-01-01 09:31:50,webcam,20.741,5178.0,2,1,0.367,benign
2024-01-01 09:31:55,baby_monitor,15.342,16998.6,8,1,0.833,attack
2024-01-01 09:32:00,thermostat,5.964,3621.5,3,1,0.339,benign
2024-01-01 09:32:05,thermostat,4.685,5971.0,2,0,0.057,benign
2024-01-01 09:32:10,doorbell,8.54,2558.2,4,0,0.42,benign
2024-01-01 09:32:15,doorbell,13.908,2996.4,2,0,0.161,benign
2024-01-01 09:32:20,thermostat,9.188,19265.5,15,0,0.925,attack
2024-01-01 09:32:25,thermostat,9.281,4234.8,8,2,0.504,benign
2024-01-01 09:32:30,baby_monitor,13.713,6094.3,2,0,0.321,benign
2024-01-01 09:32:35,webcam,7.631,7547.4,5,2,0.608,benign
2024-01-01 09:32:40,webcam,1.998,1528.3,2,1,0.207,benign
2024-01-01 09:32:45,thermostat,10.22,6689.4,5,2,0.296,benign
2024-01-01 09:32:50,doorbell,15.755,5973.4,3,2,0.317,benign
2024-01-01 09:32:55,baby_monitor,5.428,7460.6,2,0,0.222,benign
2024-01-01 09:33:00,baby_monitor,3.565,3227.7,3,1,0.101,benign
2024-01-01 09:33:05,webcam,10.784,7176.9,1,0,0.161,benign
2024-01-01 09:33:10,thermostat,10.917,3890.9,3,0,0.069,benign
2024-01-01 09:33:15,thermostat,7.383,6582.2,0,0,0.178,benign
2024-01-01 09:33:20,doorbell,6.708,4946.0,1,0,0.18,benign
2024-01-01 09:33:25,baby_monitor,9.482,6156.2,2,2,0.362,benign
2024-01-01 09:33:30,webcam,5.38,5073.3,2,1,0.662,benign
2024-01-01 09:33:35,thermostat,5.384,2240.9,0,0,0.335,benign
2024-01-01 09:33:40,doorbell,12.587,319.2,0,0,0.112,benign
2024-01-01 09:33:45,baby_monitor,5.198,5314.9,3,1,0.51,benign
2024-01-01 09:33:50,webcam,3.686,4604.4,3,0,0.312,benign
2024-01-01 09:33:55,doorbell,6.701,5597.3,1,1,0.048,benign
2024-01-01 09:34:00,baby_monitor,7.467,4621.8,3,0,0.836,benign
2024-01-01 09:34:05,doorbell,11.475,8027.1,5,1,0.328,benign
2024-01-01 09:34:10,doorbell,6.982,5345.8,4,0,0.351,benign
2024-01-01 09:34:15,baby_monitor,16.926,4329.6,0,0,0.119,benign
2024-01-01 09:34:20,baby_monitor,9.707,5506.0,1,0,0.312,benign
2024-01-01 09:34:25,webcam,6.259,4357.0,3,0,0.402,benign
2024-01-01 09:34:30,webcam,11.26,5139.4,3,1,0.375,benign
2024-01-01 09:34:35,webcam,16.793,3173.8,2,0,0.156,benign
2024-01-01 09:34:40,doorbell,12.435,4987.1,7,1,0.262,benign
2024-01-01 09:34:45,doorbell,4.229,4283.2,1,0,0.392,benign
2024-01-01 09:34:50,thermostat,7.771,3315.9,4,0,0.269,benign
2024-01-01 09:34:55,thermostat,10.457,7963.6,2,0,0.312,benign
2024-01-01 09:35:00,thermostat,12.208,3374.4,3,1,0.064,benign
2024-01-01 09:35:05,thermostat,8.564,5010.4,1,0,0.103,benign
2024-01-01 09:35:10,doorbell,8.015,3795.8,6,0,0.269,benign
2024-01-01 09:35:15,webcam,19.436,5445.6,5,1,0.093,benign
2024-01-01 09:35:20,doorbell,12.516,3088.4,2,0,0.458,benign
2024-01-01 09:35:25,webcam,11.276,6260.5,4,1,0.166,benign
2024-01-01 09:35:30,webcam,7.123,8054.2,0,0,0.198,benign
2024-01-01 09:35:35,baby_monitor,5.341,3740.7,3,1,0.285,benign
2024-01-01 09:35:40,webcam,11.364,6825.5,2,0,0.207,benign
2024-01-01 09:35:45,doorbell,13.119,4427.2,4,1,0.169,benign
2024-01-01 09:35:50,doorbell,9.309,7258.7,2,0,0.466,benign
2024-01-01 09:35:55,thermostat,12.531,8282.7,3,1,0.346,benign
2024-01-01 09:36:00,webcam,12.672,4649.4,6,3,0.571,benign
2024-01-01 09:36:05,doorbell,13.504,2719.6,2,0,0.748,benign
2024-01-01 09:36:10,doorbell,4.191,6422.1,3,2,0.324,benign
2024-01-01 09:36:15,thermostat,7.874,5336.6,2,0,0.424,benign
2024-01-01 09:36:20,doorbell,11.668,5752.7,5,0,0.24,benign
2024-01-01 09:36:25,thermostat,9.55,4490.2,3,0,0.377,benign
2024-01-01 09:36:30,thermostat,12.69,3673.3,3,0,0.443,benign
2024-01-01 09:36:35,doorbell,11.273,6740.5,4,0,0.155,benign
2024-01-01 09:36:40,doorbell,2.779,5479.7,3,0,0.148,benign
2024-01-01 09:36:45,baby_monitor,14.921,2834.7,8,1,0.082,benign
2024-01-01 09:36:50,webcam,7.414,6030.3,4,0,0.295,benign
2024-01-01 09:36:55,webcam,6.08,5729.3,1,0,0.183,benign
2024-01-01 09:37:00,thermostat,14.703,4512.1,3,0,0.421,benign
2024-01-01 09:37:05,baby_monitor,12.261,7429.7,0,1,0.684,benign
2024-01-01 09:37:10,baby_monitor,15.61,4072.7,2,0,0.274,benign
2024-01-01 09:37:15,thermostat,10.508,4746.5,2,1,0.059,benign
2024-01-01 09:37:20,webcam,7.827,6153.0,1,0,0.452,benign
2024-01-01 09:37:25,doorbell,9.967,5115.1,3,0,0.245,benign
2024-01-01 09:37:30,thermostat,5.555,2923.4,3,0,0.197,benign
2024-01-01 09:37:35,webcam,4.624,5275.7,3,0,0.176,benign
2024-01-01 09:37:40,webcam,6.87,4378.4,0,0,0.071,benign
2024-01-01 09:37:45,baby_monitor,17.652,6285.5,3,0,0.451,benign
2024-01-01 09:37:50,doorbell,7.205,5226.8,5,0,0.558,benign
2024-01-01 09:37:55,webcam,3.729,5141.8,2,0,0.344,benign
2024-01-01 09:38:00,doorbell,8.676,3427.6,1,1,0.359,benign
2024-01-01 09:38:05,webcam,7.159,4655.0,2,0,0.068,benign
2024-01-01 09:38:10,doorbell,15.041,6455.2,3,1,0.095,benign
2024-01-01 09:38:15,doorbell,17.095,3835.2,5,1,0.378,benign
2024-01-01 09:38:20,doorbell,7.659,4951.2,1,1,0.1,benign
2024-01-01 09:38:25,webcam,10.504,3595.3,0,0,0.432,benign
2024-01-01 09:38:30,thermostat,10.899,3224.2,2,0,0.505,benign
2024-01-01 09:38:35,webcam,9.125,4872.7,4,2,0.49,benign
2024-01-01 09:38:40,baby_monitor,8.373,5260.7,1,0,0.231,benign
2024-01-01 09:38:45,webcam,5.883,7990.8,5,0,0.472,benign
2024-01-01 09:38:50,doorbell,3.413,4316.8,2,0,0.516,benign
2024-01-01 09:38:55,baby_monitor,5.866,4924.7,1,0,0.23,benign
2024-01-01 09:39:00,doorbell,8.977,3124.9,2,1,0.095,benign
2024-01-01 09:39:05,baby_monitor,4.367,5918.4,5,1,0.472,benign
2024-01-01 09:39:10,doorbell,10.258,5597.1,0,0,0.187,benign
2024-01-01 09:39:15,baby_monitor,9.636,7232.6,4,1,0.227,benign
2024-01-01 09:39:20,doorbell,7.165,6667.4,3,0,0.437,benign
2024-01-01 09:39:25,baby_monitor,38.707,19292.2,4,0,0.74,attack
2024-01-01 09:39:30,webcam,4.769,4294.9,2,0,0.158,benign
2024-01-01 09:39:35,baby_monitor,13.397,5307.0,4,2,0.448,benign
2024-01-01 09:39:40,doorbell,13.296,4833.5,4,1,0.403,benign
2024-01-01 09:39:45,webcam,19.341,16888.2,6,0,0.766,attack
2024-01-01 09:39:50,baby_monitor,5.275,6239.3,3,0,0.196,benign
2024-01-01 09:39:55,webcam,5.904,4555.4,5,0,0.238,benign
2024-01-01 09:40:00,webcam,11.924,2807.0,1,0,0.348,benign
2024-01-01 09:40:05,thermostat,10.884,7000.1,3,1,0.177,benign
2024-01-01 09:40:10,webcam,50.329,16137.7,10,0,0.89,attack
2024-01-01 09:40:15,webcam,15.353,4520.8,2,0,0.578,benign
2024-01-01 09:40:20,webcam,13.55,12776.1,6,0,0.798,attack
2024-01-01 09:40:25,baby_monitor,11.736,5112.3,2,1,0.136,benign
2024-01-01 09:40:30,doorbell,15.083,6977.9,3,0,0.205,benign
2024-01-01 09:40:35,doorbell,7.963,2105.3,5,1,0.138,benign
2024-01-01 09:40:40,baby_monitor,9.232,4404.2,5,2,0.332,benign
2024-01-01 09:40:45,baby_monitor,8.6,7398.6,2,0,0.344,benign
2024-01-01 09:40:50,webcam,8.777,5844.8,3,1,0.241,benign
2024-01-01 09:40:55,webcam,13.376,7658.9,0,0,0.181,benign
2024-01-01 09:41:00,doorbell,19.117,3167.3,4,3,0.227,benign
2024-01-01 09:41:05,doorbell,38.201,21067.0,4,0,0.932,attack
2024-01-01 09:41:10,webcam,7.325,6518.3,6,1,0.677,benign
2024-01-01 09:41:15,webcam,10.519,2477.4,2,0,0.242,benign
2024-01-01 09:41:20,webcam,6.34,4556.7,4,0,0.317,benign
2024-01-01 09:41:25,doorbell,6.656,4840.2,4,0,0.584,benign
2024-01-01 09:41:30,baby_monitor,9.046,2570.7,2,0,0.112,benign
2024-01-01 09:41:35,baby_monitor,6.57,4588.1,4,2,0.168,benign
2024-01-01 09:41:40,thermostat,7.045,6309.8,1,1,0.101,benign
2024-01-01 09:41:45,webcam,10.406,4413.6,1,0,0.452,benign
2024-01-01 09:41:50,doorbell,11.663,5363.2,3,1,0.324,benign
2024-01-01 09:41:55,thermostat,11.525,5374.1,4,1,0.056,benign
2024-01-01 09:42:00,thermostat,27.94,10414.9,8,1,0.843,attack
2024-01-01 09:42:05,doorbell,4.942,3942.2,2,0,0.148,benign
2024-01-01 09:42:10,baby_monitor,6.409,5988.2,4,0,0.449,benign
2024-01-01 09:42:15,thermostat,27.633,9920.4,7,1,0.779,attack
2024-01-01 09:42:20,baby_monitor,14.779,5012.9,1,0,0.29,benign
2024-01-01 09:42:25,thermostat,23.725,7078.2,3,0,0.422,benign
2024-01-01 09:42:30,webcam,10.708,4328.9,0,1,0.249,benign
2024-01-01 09:42:35,webcam,12.811,3909.0,1,1,0.044,benign
2024-01-01 09:42:40,baby_monitor,4.662,6088.3,3,1,0.366,benign
2024-01-01 09:42:45,baby_monitor,12.659,5245.1,3,1,0.041,benign
2024-01-01 09:42:50,doorbell,20.86,6118.2,2,2,0.503,benign
2024-01-01 09:42:55,doorbell,6.397,5057.7,0,0,0.168,benign
2024-01-01 09:43:00,webcam,7.155,1417.6,4,0,0.297,benign
2024-01-01 09:43:05,thermostat,13.562,6769.9,1,0,0.416,benign
2024-01-01 09:43:10,baby_monitor,9.443,8105.0,3,1,0.225,benign
2024-01-01 09:43:15,doorbell,3.254,6926.1,1,0,0.012,benign
2024-01-01 09:43:20,webcam,7.361,100.0,3,0,0.209,benign
2024-01-01 09:43:25,webcam,17.063,5676.6,4,3,0.133,benign
2024-01-01 09:43:30,baby_monitor,8.179,4299.9,2,1,0.288,benign
2024-01-01 09:43:35,thermostat,8.176,3373.6,2,1,0.226,benign
2024-01-01 09:43:40,thermostat,13.182,5184.1,0,0,0.195,benign
2024-01-01 09:43:45,webcam,10.881,4776.6,3,0,0.234,benign
2024-01-01 09:43:50,webcam,7.974,5763.0,2,1,0.358,benign
2024-01-01 09:43:55,doorbell,6.93,5084.9,3,1,0.282,benign
2024-01-01 09:44:00,doorbell,28.752,3318.8,2,1,0.191,benign
2024-01-01 09:44:05,baby_monitor,15.81,4135.1,6,2,0.554,benign
2024-01-01 09:44:10,thermostat,11.574,3893.1,3,0,0.121,benign
2024-01-01 09:44:15,baby_monitor,11.903,2425.3,1,1,0.739,benign
2024-01-01 09:44:20,baby_monitor,8.802,2942.5,2,0,0.207,benign
2024-01-01 09:44:25,webcam,10.823,4683.4,3,0,0.562,benign
2024-01-01 09:44:30,thermostat,8.375,7135.6,5,0,0.293,benign
2024-01-01 09:44:35,baby_monitor,6.117,4196.7,4,0,0.066,benign
2024-01-01 09:44:40,thermostat,11.013,3863.9,1,0,0.453,benign
2024-01-01 09:44:45,doorbell,8.043,3228.1,0,1,0.205,benign
2024-01-01 09:44:50,webcam,11.269,5045.8,7,2,0.661,benign
2024-01-01 09:44:55,doorbell,12.208,6768.9,4,1,0.552,benign
2024-01-01 09:45:00,baby_monitor,11.533,8004.0,1,0,0.304,benign
2024-01-01 09:45:05,webcam,5.876,5428.1,1,0,0.094,benign
2024-01-01 09:45:10,doorbell,7.644,5210.0,5,0,0.271,benign
2024-01-01 09:45:15,thermostat,39.83,9027.2,10,2,0.9,attack
2024-01-01 09:45:20,webcam,14.216,4435.2,2,1,0.286,benign
2024-01-01 09:45:25,webcam,13.89,5943.8,4,1,0.642,benign
2024-01-01 09:45:30,doorbell,6.591,4527.7,2,0,0.127,benign
2024-01-01 09:45:35,thermostat,4.884,4756.6,1,0,0.17,benign
2024-01-01 09:45:40,webcam,24.234,4962.0,5,1,0.526,benign
2024-01-01 09:45:45,thermostat,11.332,4113.8,6,3,0.254,benign
2024-01-01 09:45:50,webcam,4.557,4887.5,1,0,0.256,benign
2024-01-01 09:45:55,baby_monitor,7.1,1970.9,2,0,0.238,benign
2024-01-01 09:46:00,webcam,14.478,5823.3,0,0,0.162,benign
2024-01-01 09:46:05,webcam,21.577,8527.7,2,2,0.298,benign
2024-01-01 09:46:10,baby_monitor,19.975,4171.9,4,0,0.179,benign
2024-01-01 09:46:15,webcam,11.12,5560.8,2,0,0.079,benign
2024-01-01 09:46:20,doorbell,29.793,14794.2,5,0,0.939,attack
2024-01-01 09:46:25,doorbell,5.602,6920.3,1,0,0.326,benign
2024-01-01 09:46:30,thermostat,9.708,4603.5,3,0,0.284,benign
2024-01-01 09:46:35,webcam,5.975,2295.0,2,0,0.256,benign
2024-01-01 09:46:40,thermostat,7.679,5400.8,2,0,0.266,benign
2024-01-01 09:46:45,doorbell,13.555,5192.9,1,0,0.474,benign
2024-01-01 09:46:50,doorbell,25.583,11944.4,8,0,0.798,attack
2024-01-01 09:46:55,doorbell,8.098,4799.7,4,0,0.071,benign
2024-01-01 09:47:00,webcam,9.118,5215.5,3,0,0.662,benign
2024-01-01 09:47:05,webcam,25.853,5542.6,2,1,0.706,benign
2024-01-01 09:47:10,webcam,5.306,5479.7,6,1,0.303,benign
2024-01-01 09:47:15,webcam,10.599,4673.5,2,1,0.489,benign
2024-01-01 09:47:20,baby_monitor,19.18,5576.4,3,0,0.198,benign
2024-01-01 09:47:25,doorbell,9.106,4572.5,2,1,0.531,benign
2024-01-01 09:47:30,webcam,15.681,5963.0,5,1,0.108,benign
2024-01-01 09:47:35,thermostat,4.715,4058.8,2,0,0.288,benign
2024-01-01 09:47:40,webcam,8.484,5109.6,2,0,0.197,benign
2024-01-01 09:47:45,webcam,6.286,2564.4,5,1,0.019,benign
2024-01-01 09:47:50,baby_monitor,9.062,4445.1,2,0,0.084,benign
2024-01-01 09:47:55,baby_monitor,9.15,5851.2,2,0,0.211,benign
2024-01-01 09:48:00,doorbell,9.586,3449.4,6,0,0.217,benign
2024-01-01 09:48:05,baby_monitor,44.983,9433.8,6,0,0.731,attack
2024-01-01 09:48:10,webcam,10.487,4628.6,7,1,0.849,attack
2024-01-01 09:48:15,doorbell,6.95,2947.9,0,0,0.151,benign
2024-01-01 09:48:20,webcam,10.276,3340.3,3,0,0.206,benign
2024-01-01 09:48:25,baby_monitor,3.347,5152.6,2,0,0.365,benign
2024-01-01 09:48:30,webcam,12.275,5500.1,3,1,0.225,benign
2024-01-01 09:48:35,doorbell,6.887,4915.9,4,0,0.314,benign
2024-01-01 09:48:40,webcam,8.559,4426.1,2,0,0.24,benign
2024-01-01 09:48:45,doorbell,13.77,4431.3,8,3,0.543,benign
2024-01-01 09:48:50,doorbell,15.996,6074.1,0,0,0.408,benign
2024-01-01 09:48:55,doorbell,12.441,5319.2,6,1,0.403,benign
2024-01-01 09:49:00,doorbell,5.23,4499.1,3,1,0.077,benign
2024-01-01 09:49:05,doorbell,12.167,6939.9,1,0,0.154,benign
2024-01-01 09:49:10,doorbell,12.529,7925.0,1,0,0.511,benign
2024-01-01 09:49:15,webcam,26.394,7526.0,8,2,0.768,attack
2024-01-01 09:49:20,doorbell,17.142,5783.8,3,2,0.318,benign
2024-01-01 09:49:25,doorbell,9.7,9634.8,5,1,0.11,benign
2024-01-01 09:49:30,baby_monitor,16.85,5420.3,0,0,0.062,benign
2024-01-01 09:49:35,webcam,16.804,5173.2,1,0,0.687,benign
2024-01-01 09:49:40,thermostat,12.685,4916.4,2,0,0.236,benign
2024-01-01 09:49:45,doorbell,39.415,21107.4,7,0,0.894,attack
2024-01-01 09:49:50,doorbell,11.481,6132.3,2,0,0.573,benign
2024-01-01 09:49:55,doorbell,18.773,3132.8,4,2,0.3,benign
2024-01-01 09:50:00,doorbell,14.771,4960.3,3,1,0.092,benign
2024-01-01 09:50:05,doorbell,5.545,1595.8,2,0,0.185,benign
2024-01-01 09:50:10,doorbell,11.16,4686.0,2,0,0.474,benign
2024-01-01 09:50:15,doorbell,6.129,3646.0,3,0,0.188,benign
2024-01-01 09:50:20,doorbell,6.79,5508.8,2,0,0.637,benign
2024-01-01 09:50:25,webcam,7.822,2515.4,1,0,0.078,benign
2024-01-01 09:50:30,doorbell,4.482,4231.5,3,1,0.554,benign
2024-01-01 09:50:35,webcam,5.935,6449.8,7,0,0.233,benign
2024-01-01 09:50:40,webcam,17.556,3985.5,3,1,0.333,benign
2024-01-01 09:50:45,thermostat,6.77,2142.6,2,1,0.393,benign
2024-01-01 09:50:50,doorbell,13.534,5386.3,5,0,0.315,benign
2024-01-01 09:50:55,thermostat,10.096,4120.2,1,0,0.105,benign
2024-01-01 09:51:00,webcam,11.934,4721.2,1,0,0.44,benign
2024-01-01 09:51:05,doorbell,12.159,3905.2,1,1,0.456,benign
2024-01-01 09:51:10,baby_monitor,5.806,7961.6,4,1,0.331,benign
2024-01-01 09:51:15,baby_monitor,13.498,2662.9,2,0,0.073,benign
2024-01-01 09:51:20,doorbell,4.957,9250.2,3,1,0.298,benign
2024-01-01 09:51:25,doorbell,6.635,4414.0,3,0,0.197,benign
2024-01-01 09:51:30,thermostat,12.081,5275.2,2,2,0.091,benign
2024-01-01 09:51:35,thermostat,5.619,4137.8,0,0,0.167,benign
2024-01-01 09:51:40,doorbell,3.163,4075.0,1,0,0.577,benign
2024-01-01 09:51:45,doorbell,10.927,3822.8,2,0,0.296,benign
2024-01-01 09:51:50,webcam,4.074,5901.9,2,0,0.379,benign
2024-01-01 09:51:55,webcam,12.586,2883.8,0,0,0.358,benign
2024-01-01 09:52:00,webcam,8.088,5546.2,0,0,0.234,benign
2024-01-01 09:52:05,webcam,36.071,6869.0,5,0,0.886,attack
2024-01-01 09:52:10,webcam,10.767,5410.3,1,1,0.212,benign
2024-01-01 09:52:15,thermostat,41.641,20336.3,9,1,0.982,attack
2024-01-01 09:52:20,doorbell,12.237,3088.2,3,0,0.628,benign
2024-01-01 09:52:25,doorbell,5.594,6018.1,0,1,0.085,benign
2024-01-01 09:52:30,thermostat,8.318,5077.1,3,0,0.167,benign
2024-01-01 09:52:35,baby_monitor,10.851,7397.6,1,0,0.328,benign
2024-01-01 09:52:40,webcam,16.984,3717.2,3,0,0.281,benign
2024-01-01 09:52:45,webcam,12.287,9224.0,2,0,0.49,benign
2024-01-01 09:52:50,doorbell,16.333,1413.8,2,0,0.305,benign
2024-01-01 09:52:55,webcam,11.106,4505.7,1,0,0.407,benign
2024-01-01 09:53:00,webcam,14.885,2452.1,5,1,0.496,benign
2024-01-01 09:53:05,doorbell,10.452,7776.6,2,0,0.354,benign
2024-01-01 09:53:10,doorbell,14.616,4607.4,0,0,0.446,benign
2024-01-01 09:53:15,webcam,7.896,4742.5,3,0,0.594,benign
2024-01-01 09:53:20,doorbell,17.849,5664.9,2,1,0.204,benign
2024-01-01 09:53:25,doorbell,11.664,4992.8,4,1,0.394,benign
2024-01-01 09:53:30,doorbell,4.499,4109.4,2,1,0.058,benign
2024-01-01 09:53:35,doorbell,11.014,3115.0,4,1,0.165,benign
2024-01-01 09:53:40,doorbell,12.305,5252.8,5,1,0.431,benign
2024-01-01 09:53:45,baby_monitor,13.704,5568.3,1,0,0.51,benign
2024-01-01 09:53:50,webcam,20.578,6043.1,4,2,0.108,benign
2024-01-01 09:53:55,thermostat,7.314,7869.1,1,0,0.31,benign
2024-01-01 09:54:00,thermostat,20.64,1739.3,3,0,0.729,benign
2024-01-01 09:54:05,webcam,9.349,4898.4,2,0,0.422,benign
2024-01-01 09:54:10,doorbell,6.479,6787.6,4,1,0.059,benign
2024-01-01 09:54:15,webcam,7.39,4813.2,1,0,0.42,benign
2024-01-01 09:54:20,webcam,11.983,1492.7,5,2,0.115,benign
2024-01-01 09:54:25,thermostat,6.025,3063.4,3,2,0.263,benign
2024-01-01 09:54:30,webcam,7.959,5492.9,1,0,0.178,benign
2024-01-01 09:54:35,doorbell,10.892,5438.3,1,0,0.117,benign
2024-01-01 09:54:40,doorbell,17.787,6008.8,3,1,0.172,benign
2024-01-01 09:54:45,webcam,13.53,3828.5,4,0,0.228,benign
2024-01-01 09:54:50,webcam,9.523,5389.8,2,0,0.328,benign
2024-01-01 09:54:55,webcam,40.084,11618.9,6,1,0.945,attack
2024-01-01 09:55:00,webcam,10.415,5389.9,2,1,0.422,benign
2024-01-01 09:55:05,baby_monitor,5.191,5079.8,6,3,0.387,benign
2024-01-01 09:55:10,webcam,19.158,3768.7,3,0,0.342,benign
2024-01-01 09:55:15,doorbell,17.913,7337.3,4,0,0.051,benign
2024-01-01 09:55:20,doorbell,9.017,2441.5,0,0,0.296,benign
2024-01-01 09:55:25,doorbell,7.515,4787.6,3,0,0.138,benign
2024-01-01 09:55:30,doorbell,5.251,3735.6,2,0,0.284,benign
2024-01-01 09:55:35,doorbell,12.291,7751.3,4,0,0.099,benign
2024-01-01 09:55:40,doorbell,12.326,5897.6,0,0,0.399,benign
2024-01-01 09:55:45,doorbell,6.272,4026.0,3,1,0.536,benign
2024-01-01 09:55:50,doorbell,10.47,4580.4,2,1,0.09,benign
2024-01-01 09:55:55,baby_monitor,13.345,7791.9,1,1,0.316,benign
2024-01-01 09:56:00,doorbell,7.275,3580.6,3,0,0.415,benign
2024-01-01 09:56:05,webcam,8.51,2353.3,2,0,0.345,benign
2024-01-01 09:56:10,webcam,8.472,5436.5,3,1,0.089,benign
2024-01-01 09:56:15,baby_monitor,6.465,5470.5,2,0,0.201,benign
2024-01-01 09:56:20,doorbell,24.092,21999.0,7,0,0.791,attack
2024-01-01 09:56:25,webcam,4.114,6008.9,4,0,0.435,benign
2024-01-01 09:56:30,baby_monitor,8.27,7656.1,3,0,0.296,benign
2024-01-01 09:56:35,baby_monitor,8.328,2422.8,3,1,0.392,benign
2024-01-01 09:56:40,thermostat,9.069,3195.8,6,2,0.363,benign
2024-01-01 09:56:45,doorbell,11.562,5993.3,2,1,0.288,benign
2024-01-01 09:56:50,doorbell,5.04,3341.6,5,1,0.227,benign
2024-01-01 09:56:55,thermostat,5.516,2815.1,3,1,0.159,benign
2024-01-01 09:57:00,baby_monitor,6.386,7798.8,0,1,0.081,benign
2024-01-01 09:57:05,webcam,4.779,2570.1,1,0,0.073,benign
2024-01-01 09:57:10,webcam,12.147,4473.1,2,0,0.281,benign
2024-01-01 09:57:15,doorbell,22.636,15311.5,7,2,0.93,attack
2024-01-01 09:57:20,thermostat,9.198,6963.7,2,1,0.306,benign
2024-01-01 09:57:25,doorbell,6.127,2196.8,6,3,0.365,benign
2024-01-01 09:57:30,doorbell,7.864,5623.2,3,0,0.292,benign
2024-01-01 09:57:35,webcam,10.696,3664.4,4,1,0.041,benign
2024-01-01 09:57:40,webcam,10.928,5941.4,7,2,0.286,benign
2024-01-01 09:57:45,doorbell,5.633,3639.8,3,0,0.315,benign
2024-01-01 09:57:50,doorbell,8.989,7358.5,3,1,0.516,benign
2024-01-01 09:57:55,webcam,6.177,3648.5,1,0,0.592,benign
2024-01-01 09:58:00,doorbell,8.838,1307.0,3,1,0.259,benign
2024-01-01 09:58:05,webcam,6.848,3816.7,2,0,0.47,benign
2024-01-01 09:58:10,doorbell,19.701,4608.0,4,0,0.448,benign
2024-01-01 09:58:15,webcam,13.311,6623.5,4,1,0.153,benign
2024-01-01 09:58:20,webcam,11.14,3112.4,1,0,0.099,benign
2024-01-01 09:58:25,doorbell,8.18,3142.0,4,1,0.242,benign
2024-01-01 09:58:30,doorbell,13.482,6440.9,4,1,0.195,benign
2024-01-01 09:58:35,doorbell,9.109,2937.2,2,1,0.342,benign
2024-01-01 09:58:40,doorbell,18.802,4731.5,5,1,0.415,benign
2024-01-01 09:58:45,baby_monitor,14.077,4762.0,1,0,0.22,benign
2024-01-01 09:58:50,doorbell,7.838,5326.4,3,0,0.336,benign
2024-01-01 09:58:55,thermostat,17.845,3875.2,1,1,0.176,benign
2024-01-01 09:59:00,doorbell,8.199,3609.5,2,0,0.134,benign
2024-01-01 09:59:05,thermostat,20.214,5502.3,2,0,0.083,benign
2024-01-01 09:59:10,thermostat,18.268,3656.0,1,1,0.045,benign
2024-01-01 09:59:15,webcam,10.67,2960.0,0,0,0.081,benign
2024-01-01 09:59:20,webcam,4.195,6841.7,1,0,0.229,benign
2024-01-01 09:59:25,webcam,10.302,5732.1,3,0,0.18,benign
2024-01-01 09:59:30,doorbell,5.35,7651.3,5,2,0.187,benign
2024-01-01 09:59:35,baby_monitor,28.337,24359.3,7,1,0.952,attack
2024-01-01 09:59:40,thermostat,7.192,3097.8,4,2,0.544,benign
2024-01-01 09:59:45,baby_monitor,5.327,5144.6,1,1,0.365,benign
2024-01-01 09:59:50,doorbell,10.319,3476.6,1,0,0.263,benign
2024-01-01 09:59:55,thermostat,6.562,2522.6,3,1,0.208,benign
2024-01-01 10:00:00,baby_monitor,8.372,4329.2,5,1,0.469,benign
2024-01-01 10:00:05,doorbell,7.221,6472.3,6,1,0.47,benign
2024-01-01 10:00:10,doorbell,11.584,5412.4,3,1,0.281,benign
2024-01-01 10:00:15,thermostat,11.212,2913.7,1,1,0.172,benign
2024-01-01 10:00:20,webcam,8.066,4276.5,2,0,0.281,benign
2024-01-01 10:00:25,thermostat,11.84,4785.7,1,0,0.191,benign
2024-01-01 10:00:30,doorbell,15.714,2466.3,2,0,0.082,benign
2024-01-01 10:00:35,thermostat,2.908,6069.8,1,0,0.424,benign
2024-01-01 10:00:40,doorbell,7.028,4656.9,3,0,0.289,benign
2024-01-01 10:00:45,doorbell,5.844,2914.1,0,0,0.084,benign
2024-01-01 10:00:50,doorbell,6.735,2829.2,3,0,0.387,benign
2024-01-01 10:00:55,thermostat,2.618,6651.0,4,1,0.062,benign
2024-01-01 10:01:00,thermostat,2.842,4428.8,3,0,0.119,benign
2024-01-01 10:01:05,webcam,1.784,6785.5,1,0,0.434,benign
2024-01-01 10:01:10,webcam,7.336,7358.2,1,1,0.257,benign
2024-01-01 10:01:15,baby_monitor,7.239,6533.7,4,2,0.355,benign
2024-01-01 10:01:20,webcam,16.708,4199.9,2,0,0.368,benign
2024-01-01 10:01:25,thermostat,9.957,1253.2,2,0,0.569,benign
2024-01-01 10:01:30,webcam,2.823,5469.5,1,1,0.35,benign
2024-01-01 10:01:35,webcam,11.706,8137.4,2,1,0.037,benign
2024-01-01 10:01:40,webcam,38.649,4946.9,2,0,0.395,benign
2024-01-01 10:01:45,doorbell,2.914,2015.3,3,0,0.318,benign
2024-01-01 10:01:50,thermostat,18.944,3987.7,2,0,0.395,benign
2024-01-01 10:01:55,webcam,9.138,4724.4,2,0,0.083,benign
2024-01-01 10:02:00,doorbell,7.618,3353.0,4,0,0.178,benign
2024-01-01 10:02:05,baby_monitor,7.082,1154.1,2,1,0.382,benign
2024-01-01 10:02:10,webcam,10.831,4853.2,4,1,0.197,benign
2024-01-01 10:02:15,webcam,7.648,3822.7,0,0,0.676,benign
2024-01-01 10:02:20,baby_monitor,5.253,7659.0,0,1,0.397,benign
2024-01-01 10:02:25,webcam,7.206,5151.6,1,0,0.126,benign
2024-01-01 10:02:30,doorbell,10.969,5704.4,3,1,0.198,benign
2024-01-01 10:02:35,baby_monitor,12.619,4821.4,5,3,0.276,benign
2024-01-01 10:02:40,webcam,87.747,10654.6,6,0,0.869,attack
2024-01-01 10:02:45,doorbell,9.763,2521.6,2,1,0.209,benign
2024-01-01 10:02:50,doorbell,16.126,3439.8,2,1,0.379,benign
2024-01-01 10:02:55,thermostat,8.517,6632.9,0,0,0.447,benign
2024-01-01 10:03:00,webcam,9.059,5314.2,0,0,0.349,benign
2024-01-01 10:03:05,webcam,8.84,4402.2,0,0,0.325,benign
2024-01-01 10:03:10,baby_monitor,49.755,21012.5,2,1,0.97,attack
2024-01-01 10:03:15,thermostat,13.615,5758.8,2,0,0.076,benign
2024-01-01 10:03:20,doorbell,7.5,7986.3,1,0,0.091,benign
2024-01-01 10:03:25,doorbell,5.994,5244.6,4,0,0.268,benign
2024-01-01 10:03:30,doorbell,14.099,3406.2,6,1,0.471,benign
2024-01-01 10:03:35,thermostat,13.653,4826.5,1,0,0.478,benign
2024-01-01 10:03:40,doorbell,17.251,5911.3,3,1,0.265,benign
2024-01-01 10:03:45,webcam,6.959,6493.5,2,1,0.169,benign
2024-01-01 10:03:50,thermostat,39.761,7730.2,3,0,0.987,attack
2024-01-01 10:03:55,baby_monitor,14.335,5380.6,4,1,0.276,benign
2024-01-01 10:04:00,doorbell,7.459,3654.1,1,0,0.14,benign
2024-01-01 10:04:05,thermostat,12.383,4150.1,0,0,0.436,benign
2024-01-01 10:04:10,doorbell,8.534,6268.8,3,0,0.19,benign
2024-01-01 10:04:15,thermostat,10.805,6119.4,1,0,0.313,benign
2024-01-01 10:04:20,doorbell,5.201,3982.8,2,0,0.066,benign
2024-01-01 10:04:25,webcam,9.706,4763.2,4,0,0.186,benign
2024-01-01 10:04:30,thermostat,1.457,4195.9,3,0,0.462,benign
2024-01-01 10:04:35,doorbell,15.574,9337.6,2,0,0.142,benign
2024-01-01 10:04:40,doorbell,13.111,5417.5,5,1,0.092,benign
2024-01-01 10:04:45,thermostat,5.805,3740.8,2,0,0.399,benign
2024-01-01 10:04:50,thermostat,67.755,16652.2,4,0,0.819,attack
2024-01-01 10:04:55,webcam,46.891,25740.8,6,2,0.919,attack
2024-01-01 10:05:00,thermostat,5.323,7687.5,4,1,0.144,benign
2024-01-01 10:05:05,webcam,7.229,8132.0,4,0,0.345,benign
2024-01-01 10:05:10,doorbell,5.472,6061.6,5,1,0.127,benign
2024-01-01 10:05:15,doorbell,10.941,4475.2,3,1,0.169,benign
2024-01-01 10:05:20,doorbell,7.08,4696.1,0,0,0.528,benign
2024-01-01 10:05:25,baby_monitor,3.269,4561.9,0,1,0.435,benign
2024-01-01 10:05:30,webcam,9.04,4394.4,4,2,0.468,benign
2024-01-01 10:05:35,webcam,13.851,6859.9,7,2,0.242,benign
2024-01-01 10:05:40,webcam,9.798,5001.1,1,1,0.513,benign
2024-01-01 10:05:45,baby_monitor,11.884,6457.1,0,0,0.114,benign
2024-01-01 10:05:50,doorbell,10.224,6014.8,1,0,0.257,benign
2024-01-01 10:05:55,webcam,12.869,3352.0,1,0,0.237,benign
2024-01-01 10:06:00,webcam,10.637,2424.2,3,1,0.048,benign
2024-01-01 10:06:05,webcam,8.813,3145.0,1,0,0.293,benign
2024-01-01 10:06:10,doorbell,9.743,4359.9,2,0,0.143,benign
2024-01-01 10:06:15,baby_monitor,17.537,5201.5,2,0,0.457,benign
2024-01-01 10:06:20,baby_monitor,12.184,4027.5,0,1,0.343,benign
2024-01-01 10:06:25,webcam,5.795,6054.6,6,0,0.494,benign
2024-01-01 10:06:30,thermostat,9.672,4208.5,1,0,0.505,benign
2024-01-01 10:06:35,baby_monitor,10.853,5385.4,8,4,0.412,benign
2024-01-01 10:06:40,thermostat,8.678,5176.4,3,1,0.143,benign
2024-01-01 10:06:45,doorbell,3.279,7601.6,3,3,0.295,benign
2024-01-01 10:06:50,webcam,22.163,13471.6,5,0,0.818,attack
2024-01-01 10:06:55,webcam,7.658,8312.6,2,0,0.153,benign
2024-01-01 10:07:00,webcam,20.095,4108.5,1,1,0.108,benign
2024-01-01 10:07:05,thermostat,11.595,2989.9,1,0,0.259,benign
2024-01-01 10:07:10,baby_monitor,4.117,4674.6,2,0,0.163,benign
2024-01-01 10:07:15,baby_monitor,8.935,9860.2,1,0,0.346,benign
2024-01-01 10:07:20,webcam,16.313,6342.8,1,0,0.41,benign
2024-01-01 10:07:25,doorbell,7.032,5904.4,4,1,0.056,benign
2024-01-01 10:07:30,baby_monitor,14.577,6192.8,4,0,0.24,benign
2024-01-01 10:07:35,thermostat,4.188,3845.6,0,0,0.086,benign
2024-01-01 10:07:40,doorbell,1.665,5489.1,9,3,0.486,benign
2024-01-01 10:07:45,baby_monitor,41.363,15807.9,5,0,0.779,attack
2024-01-01 10:07:50,baby_monitor,7.472,7713.6,2,0,0.189,benign
2024-01-01 10:07:55,webcam,3.362,4837.0,1,0,0.137,benign
2024-01-01 10:08:00,webcam,7.753,4432.6,2,1,0.488,benign
2024-01-01 10:08:05,webcam,10.18,3252.8,2,1,0.606,benign
2024-01-01 10:08:10,doorbell,11.412,5210.0,3,0,0.271,benign
2024-01-01 10:08:15,doorbell,2.182,5439.4,0,1,0.106,benign
2024-01-01 10:08:20,thermostat,21.335,7752.9,4,0,0.78,attack
2024-01-01 10:08:25,doorbell,9.591,5679.7,2,0,0.166,benign
2024-01-01 10:08:30,doorbell,11.4,5349.8,3,0,0.251,benign
2024-01-01 10:08:35,webcam,5.761,6520.2,2,0,0.288,benign
2024-01-01 10:08:40,webcam,8.469,6818.6,1,0,0.39,benign
2024-01-01 10:08:45,baby_monitor,7.022,5141.4,3,0,0.074,benign
2024-01-01 10:08:50,doorbell,10.336,3445.5,1,0,0.252,benign
2024-01-01 10:08:55,doorbell,54.61,8212.6,5,1,0.985,attack
2024-01-01 10:09:00,thermostat,7.955,7643.2,7,2,0.1,benign
2024-01-01 10:09:05,webcam,4.573,5248.2,1,0,0.311,benign
2024-01-01 10:09:10,doorbell,6.591,7619.2,2,0,0.219,benign
2024-01-01 10:09:15,webcam,19.015,5747.9,5,1,0.211,benign
2024-01-01 10:09:20,doorbell,6.099,6130.6,3,2,0.301,benign
2024-01-01 10:09:25,doorbell,5.043,6408.1,3,1,0.356,benign
2024-01-01 10:09:30,webcam,7.726,3165.3,4,0,0.173,benign
2024-01-01 10:09:35,webcam,8.936,5460.4,2,0,0.194,benign
2024-01-01 10:09:40,baby_monitor,7.228,3144.5,3,1,0.366,benign
2024-01-01 10:09:45,webcam,4.2,4572.6,3,1,0.307,benign
2024-01-01 10:09:50,webcam,10.793,5960.3,2,0,0.621,benign
2024-01-01 10:09:55,webcam,10.341,3462.0,5,2,0.207,benign
2024-01-01 10:10:00,doorbell,12.658,5839.0,6,2,0.475,benign
2024-01-01 10:10:05,thermostat,10.235,2752.4,4,1,0.403,benign
2024-01-01 10:10:10,doorbell,18.308,6715.0,1,0,0.326,benign
2024-01-01 10:10:15,baby_monitor,13.099,4003.3,3,0,0.387,benign
2024-01-01 10:10:20,doorbell,11.932,3459.3,1,1,0.537,benign
2024-01-01 10:10:25,webcam,15.54,2847.0,3,1,0.073,benign
2024-01-01 10:10:30,doorbell,9.953,4131.0,1,0,0.025,benign
2024-01-01 10:10:35,baby_monitor,8.553,2138.6,3,0,0.126,benign
2024-01-01 10:10:40,webcam,10.738,4177.4,2,0,0.142,benign
2024-01-01 10:10:45,webcam,3.187,6649.2,2,0,0.432,benign
2024-01-01 10:10:50,doorbell,9.968,4716.9,1,0,0.333,benign
2024-01-01 10:10:55,thermostat,18.734,8410.7,9,2,0.904,attack
2024-01-01 10:11:00,doorbell,11.266,5339.4,5,1,0.231,benign
2024-01-01 10:11:05,baby_monitor,14.596,5206.8,1,0,0.185,benign
2024-01-01 10:11:10,doorbell,35.312,29985.9,6,1,0.936,attack
2024-01-01 10:11:15,doorbell,6.6,6186.1,3,0,0.165,benign
2024-01-01 10:11:20,doorbell,13.539,5458.4,4,2,0.374,benign
2024-01-01 10:11:25,webcam,18.428,6357.6,4,1,0.371,benign
2024-01-01 10:11:30,webcam,14.765,4798.4,4,2,0.219,benign
2024-01-01 10:11:35,doorbell,4.787,4886.9,1,0,0.203,benign
2024-01-01 10:11:40,thermostat,12.031,7488.4,1,0,0.095,benign
2024-01-01 10:11:45,webcam,23.336,9203.1,7,0,0.958,attack
2024-01-01 10:11:50,webcam,8.163,6451.9,4,1,0.476,benign
2024-01-01 10:11:55,webcam,11.117,4833.8,2,0,0.47,benign
2024-01-01 10:12:00,webcam,10.463,4562.8,0,1,0.206,benign
2024-01-01 10:12:05,webcam,14.637,4170.7,1,1,0.041,benign
2024-01-01 10:12:10,doorbell,18.468,5230.5,2,1,0.332,benign
2024-01-01 10:12:15,doorbell,11.621,4934.7,3,0,0.155,benign
2024-01-01 10:12:20,baby_monitor,7.87,4377.9,0,0,0.441,benign
2024-01-01 10:12:25,baby_monitor,3.276,3946.0,1,0,0.318,benign
2024-01-01 10:12:30,webcam,36.829,6287.8,6,0,0.939,attack
2024-01-01 10:12:35,doorbell,8.953,3914.3,4,2,0.362,benign
2024-01-01 10:12:40,webcam,9.172,4231.6,3,0,0.277,benign
2024-01-01 10:12:45,webcam,9.513,5226.8,3,0,0.11,benign
2024-01-01 10:12:50,doorbell,11.381,7944.6,2,0,0.201,benign
2024-01-01 10:12:55,doorbell,11.532,4076.1,3,1,0.375,benign
2024-01-01 10:13:00,thermostat,8.224,3464.4,0,0,0.366,benign
2024-01-01 10:13:05,thermostat,8.912,3928.3,4,0,0.226,benign
2024-01-01 10:13:10,doorbell,6.964,5230.0,3,0,0.167,benign
2024-01-01 10:13:15,doorbell,6.598,5883.0,3,0,0.56,benign
2024-01-01 10:13:20,doorbell,6.582,6092.5,2,0,0.061,benign
2024-01-01 10:13:25,thermostat,8.863,6241.6,2,0,0.092,benign
2024-01-01 10:13:30,doorbell,5.971,6453.8,0,0,0.224,benign
2024-01-01 10:13:35,doorbell,1.565,4581.7,0,0,0.679,benign
2024-01-01 10:13:40,thermostat,7.806,8079.7,3,1,0.407,benign
2024-01-01 10:13:45,doorbell,4.943,4467.8,6,1,0.389,benign
2024-01-01 10:13:50,thermostat,9.814,5164.0,1,0,0.412,benign
2024-01-01 10:13:55,doorbell,6.951,6943.7,1,0,0.727,benign
2024-01-01 10:14:00,doorbell,11.445,5849.6,0,0,0.351,benign
2024-01-01 10:14:05,doorbell,5.182,1638.7,2,0,0.093,benign
2024-01-01 10:14:10,thermostat,3.626,5008.5,2,0,0.494,benign
2024-01-01 10:14:15,baby_monitor,8.922,6292.9,4,0,0.089,benign
2024-01-01 10:14:20,thermostat,25.89,9723.6,5,1,0.722,attack
2024-01-01 10:14:25,webcam,4.721,6126.0,3,2,0.353,benign
2024-01-01 10:14:30,thermostat,13.104,5585.2,0,0,0.093,benign
2024-01-01 10:14:35,doorbell,5.638,6775.9,2,0,0.148,benign
2024-01-01 10:14:40,doorbell,6.445,3962.1,1,1,0.593,benign
2024-01-01 10:14:45,baby_monitor,14.213,6493.8,1,0,0.409,benign
2024-01-01 10:14:50,doorbell,11.743,5239.4,7,2,0.046,benign
2024-01-01 10:14:55,doorbell,5.331,7649.1,5,3,0.143,benign
2024-01-01 10:15:00,doorbell,7.976,9179.1,1,1,0.267,benign
2024-01-01 10:15:05,doorbell,5.059,7307.5,1,0,0.141,benign
2024-01-01 10:15:10,doorbell,13.751,5720.8,2,0,0.341,benign
2024-01-01 10:15:15,webcam,13.747,8481.5,1,0,0.289,benign
2024-01-01 10:15:20,webcam,19.68,5905.2,4,2,0.27,benign
2024-01-01 10:15:25,baby_monitor,23.069,3638.1,3,2,0.345,benign
2024-01-01 10:15:30,thermostat,6.911,4941.1,3,1,0.165,benign
2024-01-01 10:15:35,doorbell,12.764,6142.5,3,1,0.194,benign
2024-01-01 10:15:40,doorbell,3.332,6238.9,0,0,0.332,benign
2024-01-01 10:15:45,webcam,10.156,3312.1,3,1,0.734,benign
2024-01-01 10:15:50,webcam,11.295,3359.7,3,1,0.47,benign
2024-01-01 10:15:55,doorbell,5.794,4488.0,1,0,0.327,benign
2024-01-01 10:16:00,webcam,6.703,5801.8,5,1,0.174,benign
2024-01-01 10:16:05,webcam,13.789,5993.8,3,0,0.412,benign
2024-01-01 10:16:10,webcam,11.422,5212.0,3,1,0.148,benign
2024-01-01 10:16:15,webcam,18.549,3748.4,2,0,0.094,benign
2024-01-01 10:16:20,doorbell,17.583,7605.4,1,0,0.07,benign
2024-01-01 10:16:25,baby_monitor,15.829,9226.1,6,1,0.972,attack
2024-01-01 10:16:30,thermostat,7.246,6953.5,3,1,0.644,benign
2024-01-01 10:16:35,doorbell,5.492,6108.2,2,1,0.254,benign
2024-01-01 10:16:40,baby_monitor,13.004,6920.5,5,0,0.209,benign
2024-01-01 10:16:45,webcam,10.614,4333.4,2,1,0.339,benign
2024-01-01 10:16:50,baby_monitor,5.683,4786.0,2,0,0.16,benign
2024-01-01 10:16:55,thermostat,6.132,5082.6,4,2,0.072,benign
2024-01-01 10:17:00,webcam,15.84,4285.4,1,0,0.072,benign
2024-01-01 10:17:05,doorbell,7.642,5337.9,3,1,0.263,benign
2024-01-01 10:17:10,doorbell,3.032,7368.6,2,1,0.634,benign
2024-01-01 10:17:15,webcam,5.429,3054.7,3,0,0.276,benign
2024-01-01 10:17:20,webcam,20.267,4014.2,3,2,0.179,benign
2024-01-01 10:17:25,doorbell,14.398,3851.4,2,1,0.382,benign
2024-01-01 10:17:30,doorbell,4.894,4858.4,3,0,0.108,benign
2024-01-01 10:17:35,thermostat,10.154,4796.7,2,0,0.478,benign
2024-01-01 10:17:40,baby_monitor,64.802,22369.1,5,0,0.922,attack
2024-01-01 10:17:45,webcam,3.821,5050.6,4,0,0.338,benign
2024-01-01 10:17:50,doorbell,14.696,5454.3,3,1,0.407,benign
2024-01-01 10:17:55,doorbell,11.373,5597.7,4,2,0.174,benign
2024-01-01 10:18:00,doorbell,6.511,5368.1,6,0,0.229,benign
2024-01-01 10:18:05,baby_monitor,12.19,6055.0,3,0,0.207,benign
2024-01-01 10:18:10,doorbell,10.682,4816.5,3,1,0.527,benign
2024-01-01 10:18:15,webcam,11.013,7469.6,0,0,0.331,benign
2024-01-01 10:18:20,doorbell,9.988,8812.4,5,1,0.164,benign
2024-01-01 10:18:25,webcam,6.021,6059.3,2,0,0.047,benign
2024-01-01 10:18:30,thermostat,6.582,5342.0,1,0,0.231,benign
2024-01-01 10:18:35,thermostat,8.342,5936.9,4,1,0.362,benign
2024-01-01 10:18:40,doorbell,9.534,3348.5,4,1,0.396,benign
2024-01-01 10:18:45,doorbell,12.514,5270.2,3,0,0.368,benign
2024-01-01 10:18:50,doorbell,20.483,3903.0,4,1,0.328,benign
2024-01-01 10:18:55,baby_monitor,10.369,5765.0,1,0,0.297,benign
2024-01-01 10:19:00,baby_monitor,51.28,8389.9,5,2,0.715,attack
2024-01-01 10:19:05,webcam,13.683,4482.8,1,0,0.251,benign
2024-01-01 10:19:10,webcam,12.809,2192.0,5,2,0.447,benign
2024-01-01 10:19:15,thermostat,5.908,3240.1,0,1,0.129,benign
2024-01-01 10:19:20,doorbell,16.5,5532.3,2,0,0.124,benign
2024-01-01 10:19:25,baby_monitor,15.357,3696.7,2,0,0.167,benign
2024-01-01 10:19:30,webcam,9.926,6595.7,1,1,0.296,benign
2024-01-01 10:19:35,webcam,6.083,3569.2,4,1,0.159,benign
2024-01-01 10:19:40,webcam,9.464,5679.9,1,1,0.417,benign
2024-01-01 10:19:45,doorbell,4.082,3857.2,4,1,0.061,benign
2024-01-01 10:19:50,doorbell,17.452,5578.2,2,0,0.466,benign
2024-01-01 10:19:55,thermostat,6.875,2697.8,1,0,0.354,benign
2024-01-01 10:20:00,doorbell,8.143,4320.2,1,0,0.535,benign
2024-01-01 10:20:05,webcam,16.901,3730.7,3,2,0.404,benign
2024-01-01 10:20:10,doorbell,56.967,23677.2,5,0,0.885,attack
2024-01-01 10:20:15,webcam,10.871,5693.4,0,0,0.236,benign
2024-01-01 10:20:20,doorbell,18.611,3151.1,3,1,0.22,benign
2024-01-01 10:20:25,webcam,5.815,4695.2,1,0,0.435,benign
2024-01-01 10:20:30,thermostat,10.874,3841.5,0,0,0.324,benign
2024-01-01 10:20:35,doorbell,14.513,23140.5,10,1,0.777,attack
2024-01-01 10:20:40,webcam,14.943,6907.3,2,0,0.094,benign
2024-01-01 10:20:45,webcam,14.711,2837.5,5,0,0.287,benign
2024-01-01 10:20:50,thermostat,19.198,6240.1,2,1,0.448,benign
2024-01-01 10:20:55,baby_monitor,9.332,3765.1,4,0,0.467,benign
2024-01-01 10:21:00,thermostat,21.558,4620.6,1,1,0.336,benign
2024-01-01 10:21:05,doorbell,5.6,5048.4,3,1,0.432,benign
2024-01-01 10:21:10,doorbell,38.558,21209.2,8,0,0.803,attack
2024-01-01 10:21:15,doorbell,18.642,8577.1,4,0,0.705,attack
2024-01-01 10:21:20,webcam,10.207,6252.1,2,0,0.445,benign
2024-01-01 10:21:25,doorbell,5.947,3242.7,1,0,0.322,benign
2024-01-01 10:21:30,webcam,14.961,3139.1,1,0,0.058,benign
2024-01-01 10:21:35,webcam,11.54,5042.7,3,1,0.344,benign
2024-01-01 10:21:40,doorbell,5.365,5032.6,1,0,0.474,benign
2024-01-01 10:21:45,thermostat,49.372,2340.9,6,1,0.993,attack
2024-01-01 10:21:50,doorbell,48.762,19453.8,4,0,0.928,attack
2024-01-01 10:21:55,doorbell,12.04,1791.3,4,0,0.061,benign
2024-01-01 10:22:00,thermostat,19.049,11119.9,8,2,0.791,attack
2024-01-01 10:22:05,webcam,8.704,6991.4,5,1,0.392,benign
2024-01-01 10:22:10,thermostat,12.728,8313.8,5,1,0.276,benign
2024-01-01 10:22:15,webcam,8.324,4455.4,1,0,0.244,benign
2024-01-01 10:22:20,doorbell,5.564,2850.6,3,0,0.059,benign
2024-01-01 10:22:25,thermostat,15.72,6935.8,2,1,0.186,benign
2024-01-01 10:22:30,thermostat,8.158,6297.7,2,0,0.504,benign
2024-01-01 10:22:35,thermostat,18.03,4266.5,5,1,0.462,benign
2024-01-01 10:22:40,doorbell,7.264,4076.4,5,1,0.3,benign
2024-01-01 10:22:45,webcam,7.937,3923.9,2,1,0.022,benign
2024-01-01 10:22:50,webcam,6.996,4483.1,0,0,0.557,benign
2024-01-01 10:22:55,doorbell,8.636,5474.1,4,0,0.35,benign
2024-01-01 10:23:00,baby_monitor,11.456,4151.0,3,1,0.181,benign
2024-01-01 10:23:05,doorbell,5.708,4340.6,5,0,0.211,benign
2024-01-01 10:23:10,baby_monitor,5.185,5961.9,0,0,0.363,benign
2024-01-01 10:23:15,webcam,3.777,2776.4,1,0,0.275,benign
2024-01-01 10:23:20,doorbell,3.53,4436.1,2,0,0.302,benign
2024-01-01 10:23:25,webcam,4.617,2486.1,1,0,0.05,benign
2024-01-01 10:23:30,baby_monitor,7.241,5162.6,4,1,0.17,benign
2024-01-01 10:23:35,thermostat,41.791,6773.0,4,1,0.739,attack
2024-01-01 10:23:40,thermostat,11.173,6335.0,4,1,0.033,benign
2024-01-01 10:23:45,thermostat,9.911,3028.0,0,0,0.142,benign
2024-01-01 10:23:50,thermostat,17.11,2341.1,0,0,0.2,benign
2024-01-01 10:23:55,thermostat,19.521,4454.6,3,1,0.102,benign
2024-01-01 10:24:00,doorbell,8.176,7566.7,4,2,0.173,benign
2024-01-01 10:24:05,webcam,5.756,6066.8,4,0,0.455,benign
2024-01-01 10:24:10,doorbell,22.16,2116.5,3,1,0.663,benign
2024-01-01 10:24:15,baby_monitor,15.48,2985.3,1,0,0.053,benign
2024-01-01 10:24:20,baby_monitor,14.973,4406.6,2,0,0.266,benign
2024-01-01 10:24:25,doorbell,7.103,8357.5,1,1,0.403,benign
2024-01-01 10:24:30,thermostat,13.573,3591.6,3,1,0.462,benign
2024-01-01 10:24:35,baby_monitor,9.947,3603.7,3,1,0.454,benign
2024-01-01 10:24:40,doorbell,9.017,7291.1,3,0,0.533,benign
2024-01-01 10:24:45,webcam,9.01,5292.4,0,0,0.264,benign
2024-01-01 10:24:50,baby_monitor,26.391,13453.9,4,0,0.973,attack
2024-01-01 10:24:55,doorbell,17.359,3909.4,0,0,0.101,benign
2024-01-01 10:25:00,thermostat,22.989,4847.5,2,0,0.182,benign
2024-01-01 10:25:05,doorbell,7.693,6973.4,4,0,0.174,benign
2024-01-01 10:25:10,baby_monitor,10.204,4782.7,2,0,0.116,benign
2024-01-01 10:25:15,baby_monitor,8.913,6684.6,3,0,0.14,benign
2024-01-01 10:25:20,baby_monitor,11.347,5580.9,4,1,0.044,benign
2024-01-01 10:25:25,webcam,8.405,3440.6,2,1,0.079,benign
2024-01-01 10:25:30,baby_monitor,21.264,4975.5,3,0,0.492,benign
2024-01-01 10:25:35,thermostat,6.71,6472.1,3,1,0.273,benign
2024-01-01 10:25:40,doorbell,7.698,6004.1,3,0,0.454,benign
2024-01-01 10:25:45,thermostat,7.153,4939.6,1,1,0.254,benign
2024-01-01 10:25:50,doorbell,8.712,2162.4,2,0,0.106,benign
2024-01-01 10:25:55,webcam,4.788,2306.0,1,0,0.339,benign
2024-01-01 10:26:00,doorbell,7.218,2625.0,0,0,0.107,benign
2024-01-01 10:26:05,doorbell,11.297,4234.3,2,0,0.544,benign
2024-01-01 10:26:10,doorbell,11.259,4434.3,1,0,0.517,benign
2024-01-01 10:26:15,thermostat,10.468,2786.9,7,3,0.244,benign
2024-01-01 10:26:20,doorbell,60.836,19676.8,4,0,0.795,attack
2024-01-01 10:26:25,thermostat,11.498,3104.3,2,1,0.323,benign
2024-01-01 10:26:30,doorbell,16.442,2944.2,2,2,0.081,benign
2024-01-01 10:26:35,doorbell,22.996,5132.4,5,0,0.299,benign
2024-01-01 10:26:40,webcam,13.725,6460.9,2,1,0.39,benign
2024-01-01 10:26:45,thermostat,4.8,8082.3,2,1,0.232,benign
2024-01-01 10:26:50,doorbell,10.656,5873.8,0,0,0.336,benign
2024-01-01 10:26:55,webcam,9.956,7369.7,1,0,0.514,benign
2024-01-01 10:27:00,baby_monitor,18.017,3181.9,0,0,0.13,benign
2024-01-01 10:27:05,webcam,8.86,8239.6,4,0,0.125,benign
2024-01-01 10:27:10,doorbell,6.27,2207.8,1,1,0.31,benign
2024-01-01 10:27:15,doorbell,7.418,4244.2,4,2,0.615,benign
2024-01-01 10:27:20,baby_monitor,4.893,5841.0,3,1,0.195,benign
2024-01-01 10:27:25,doorbell,1.536,2592.2,2,0,0.199,benign
2024-01-01 10:27:30,baby_monitor,21.31,3609.4,2,0,0.575,benign
2024-01-01 10:27:35,webcam,9.415,3371.1,3,1,0.236,benign
2024-01-01 10:27:40,baby_monitor,5.131,4534.7,3,1,0.203,benign
2024-01-01 10:27:45,thermostat,18.744,7132.4,2,1,0.045,benign
2024-01-01 10:27:50,baby_monitor,20.165,5025.2,3,1,0.235,benign
2024-01-01 10:27:55,webcam,10.111,4305.4,3,1,0.146,benign
2024-01-01 10:28:00,thermostat,4.667,673.5,5,2,0.143,benign
2024-01-01 10:28:05,webcam,7.504,5700.1,0,0,0.234,benign
2024-01-01 10:28:10,webcam,8.42,6185.0,1,0,0.236,benign
2024-01-01 10:28:15,webcam,35.315,6886.6,10,2,0.82,attack
2024-01-01 10:28:20,baby_monitor,5.46,4899.5,3,1,0.28,benign
2024-01-01 10:28:25,baby_monitor,57.42,14298.6,4,0,0.773,attack
2024-01-01 10:28:30,thermostat,2.872,6446.9,0,0,0.404,benign
2024-01-01 10:28:35,webcam,15.257,3912.8,1,0,0.319,benign
2024-01-01 10:28:40,webcam,16.696,3687.0,3,1,0.131,benign
2024-01-01 10:28:45,thermostat,7.858,4315.3,1,0,0.416,benign
2024-01-01 10:28:50,doorbell,34.002,22789.3,8,0,0.996,attack
2024-01-01 10:28:55,doorbell,17.628,6565.8,1,0,0.377,benign
2024-01-01 10:29:00,webcam,12.511,4968.0,1,0,0.231,benign
2024-01-01 10:29:05,doorbell,7.991,6529.7,2,1,0.103,benign
2024-01-01 10:29:10,doorbell,8.441,1447.0,3,0,0.457,benign
2024-01-01 10:29:15,doorbell,49.692,22097.7,6,1,0.956,attack
2024-01-01 10:29:20,doorbell,20.439,3321.9,1,0,0.253,benign
2024-01-01 10:29:25,doorbell,8.564,7650.5,3,0,0.324,benign
2024-01-01 10:29:30,baby_monitor,7.876,3403.6,2,0,0.232,benign
2024-01-01 10:29:35,webcam,9.53,3720.9,3,1,0.148,benign
2024-01-01 10:29:40,webcam,9.556,5843.6,3,1,0.036,benign
2024-01-01 10:29:45,thermostat,10.799,5988.4,3,0,0.38,benign
2024-01-01 10:29:50,doorbell,9.072,4330.5,3,1,0.508,benign
2024-01-01 10:29:55,baby_monitor,15.664,5557.1,5,0,0.579,benign
2024-01-01 10:30:00,thermostat,6.035,5743.1,5,3,0.335,benign
2024-01-01 10:30:05,doorbell,11.341,5589.7,4,2,0.094,benign
2024-01-01 10:30:10,webcam,11.542,4393.2,1,0,0.144,benign
2024-01-01 10:30:15,baby_monitor,6.301,5757.8,4,1,0.354,benign
2024-01-01 10:30:20,baby_monitor,11.29,7109.6,2,1,0.239,benign
2024-01-01 10:30:25,webcam,11.678,3161.8,1,0,0.029,benign
2024-01-01 10:30:30,webcam,2.174,3739.9,2,1,0.22,benign
2024-01-01 10:30:35,doorbell,5.752,5040.9,2,1,0.213,benign
2024-01-01 10:30:40,baby_monitor,18.29,3415.7,7,2,0.098,benign
2024-01-01 10:30:45,doorbell,7.039,2294.9,4,1,0.22,benign
2024-01-01 10:30:50,baby_monitor,5.125,6639.7,2,1,0.09,benign
2024-01-01 10:30:55,webcam,3.446,1656.8,3,1,0.352,benign
2024-01-01 10:31:00,webcam,5.488,4396.4,3,1,0.207,benign
2024-01-01 10:31:05,webcam,8.894,6138.4,5,0,0.096,benign
2024-01-01 10:31:10,doorbell,4.938,5400.0,4,0,0.447,benign
2024-01-01 10:31:15,doorbell,12.585,4419.1,1,0,0.278,benign
2024-01-01 10:31:20,doorbell,6.245,3353.8,2,0,0.338,benign
2024-01-01 10:31:25,doorbell,52.021,17175.5,5,0,0.722,attack
2024-01-01 10:31:30,thermostat,17.111,3517.4,3,3,0.514,benign
2024-01-01 10:31:35,webcam,16.633,5398.9,3,1,0.213,benign
2024-01-01 10:31:40,doorbell,10.753,5211.4,6,2,0.203,benign
2024-01-01 10:31:45,baby_monitor,5.307,5226.5,0,0,0.412,benign
2024-01-01 10:31:50,baby_monitor,9.179,4039.5,2,1,0.159,benign
2024-01-01 10:31:55,baby_monitor,10.913,8052.5,2,0,0.164,benign
2024-01-01 10:32:00,baby_monitor,24.933,5537.3,2,1,0.241,benign
2024-01-01 10:32:05,doorbell,3.427,4581.9,5,0,0.299,benign
2024-01-01 10:32:10,webcam,9.195,5396.4,0,0,0.244,benign
2024-01-01 10:32:15,thermostat,12.383,3838.3,2,0,0.23,benign
2024-01-01 10:32:20,thermostat,9.875,4420.5,1,0,0.153,benign
2024-01-01 10:32:25,doorbell,10.376,8587.9,4,2,0.189,benign
2024-01-01 10:32:30,thermostat,6.431,3848.9,1,1,0.265,benign
2024-01-01 10:32:35,doorbell,14.117,4883.3,2,2,0.064,benign
2024-01-01 10:32:40,doorbell,9.558,4315.8,1,0,0.405,benign
2024-01-01 10:32:45,webcam,10.358,3440.5,4,2,0.349,benign
2024-01-01 10:32:50,webcam,14.787,5631.6,1,1,0.478,benign
2024-01-01 10:32:55,webcam,8.106,5054.7,2,0,0.33,benign
2024-01-01 10:33:00,doorbell,16.227,6366.5,4,1,0.041,benign
2024-01-01 10:33:05,baby_monitor,15.5,13968.8,5,0,0.755,attack
2024-01-01 10:33:10,doorbell,10.629,6351.1,6,0,0.232,benign
2024-01-01 10:33:15,doorbell,23.665,12526.5,4,0,0.851,attack
2024-01-01 10:33:20,baby_monitor,21.334,21769.9,6,0,0.817,attack
2024-01-01 10:33:25,baby_monitor,20.332,5997.9,1,0,0.231,benign
2024-01-01 10:33:30,baby_monitor,4.984,3468.4,1,0,0.5,benign
2024-01-01 10:33:35,thermostat,9.645,4522.1,2,0,0.404,benign
2024-01-01 10:33:40,thermostat,4.786,2815.8,0,0,0.161,benign
2024-01-01 10:33:45,webcam,15.779,6004.4,5,2,0.352,benign
2024-01-01 10:33:50,doorbell,7.724,5997.5,5,3,0.257,benign
2024-01-01 10:33:55,webcam,14.752,7145.5,6,1,0.187,benign
2024-01-01 10:34:00,webcam,12.194,4656.8,0,0,0.188,benign
2024-01-01 10:34:05,doorbell,23.243,5677.2,2,0,0.223,benign
2024-01-01 10:34:10,thermostat,4.29,6481.6,3,0,0.298,benign
2024-01-01 10:34:15,webcam,5.728,3869.2,2,0,0.117,benign
2024-01-01 10:34:20,doorbell,14.396,3641.1,5,1,0.452,benign
2024-01-01 10:34:25,doorbell,10.862,3915.7,3,2,0.61,benign
2024-01-01 10:34:30,thermostat,8.385,4476.1,5,0,0.213,benign
2024-01-01 10:34:35,doorbell,21.286,3694.2,2,0,0.259,benign
2024-01-01 10:34:40,baby_monitor,30.322,9656.9,3,0,0.784,attack
2024-01-01 10:34:45,webcam,6.353,6321.4,4,1,0.166,benign
2024-01-01 10:34:50,webcam,14.832,4855.5,1,0,0.252,benign
2024-01-01 10:34:55,webcam,9.481,5460.0,3,0,0.587,benign
2024-01-01 10:35:00,thermostat,9.823,4173.9,0,0,0.134,benign
2024-01-01 10:35:05,doorbell,12.658,4075.5,2,0,0.303,benign
2024-01-01 10:35:10,thermostat,12.881,5428.3,1,0,0.341,benign
2024-01-01 10:35:15,webcam,5.689,5189.1,6,1,0.206,benign
2024-01-01 10:35:20,doorbell,8.159,6167.0,2,0,0.165,benign
2024-01-01 10:35:25,baby_monitor,4.57,6952.4,3,1,0.302,benign
2024-01-01 10:35:30,thermostat,10.936,3962.9,3,1,0.245,benign
2024-01-01 10:35:35,thermostat,20.168,6291.8,0,0,0.022,benign
2024-01-01 10:35:40,baby_monitor,5.808,3380.3,0,0,0.064,benign
2024-01-01 10:35:45,baby_monitor,4.129,8110.7,1,0,0.22,benign
2024-01-01 10:35:50,thermostat,6.858,3820.5,0,0,0.127,benign
2024-01-01 10:35:55,thermostat,8.35,6035.9,2,0,0.215,benign
2024-01-01 10:36:00,thermostat,12.932,3369.1,2,0,0.377,benign
2024-01-01 10:36:05,thermostat,7.943,4771.9,5,1,0.236,benign
2024-01-01 10:36:10,webcam,11.025,7318.6,1,0,0.517,benign
2024-01-01 10:36:15,thermostat,7.347,3773.4,3,1,0.313,benign
2024-01-01 10:36:20,doorbell,8.567,8306.3,1,0,0.371,benign
2024-01-01 10:36:25,baby_monitor,6.25,4992.1,5,0,0.177,benign
2024-01-01 10:36:30,baby_monitor,5.3,6463.6,0,0,0.119,benign
2024-01-01 10:36:35,doorbell,13.141,5604.4,2,0,0.395,benign
2024-01-01 10:36:40,thermostat,7.592,5685.6,1,0,0.337,benign
2024-01-01 10:36:45,doorbell,33.755,6040.5,4,0,0.926,attack
2024-01-01 10:36:50,doorbell,6.201,4290.7,2,0,0.299,benign
2024-01-01 10:36:55,thermostat,9.364,6794.0,1,1,0.127,benign
2024-01-01 10:37:00,doorbell,2.91,4483.5,1,0,0.508,benign
2024-01-01 10:37:05,thermostat,7.863,5208.2,4,0,0.127,benign
2024-01-01 10:37:10,thermostat,6.528,2678.9,4,0,0.287,benign
2024-01-01 10:37:15,webcam,15.493,4193.6,2,0,0.271,benign
2024-01-01 10:37:20,doorbell,14.045,20274.8,1,1,0.899,attack
2024-01-01 10:37:25,doorbell,8.733,3076.1,1,0,0.58,benign
2024-01-01 10:37:30,webcam,10.874,6075.6,6,3,0.307,benign
2024-01-01 10:37:35,baby_monitor,14.525,5266.7,1,0,0.224,benign
2024-01-01 10:37:40,webcam,13.632,4646.1,5,1,0.431,benign
2024-01-01 10:37:45,doorbell,9.057,4580.1,1,0,0.363,benign
2024-01-01 10:37:50,webcam,9.652,4263.5,5,1,0.155,benign
2024-01-01 10:37:55,webcam,15.487,4397.0,3,0,0.36,benign
2024-01-01 10:38:00,thermostat,8.976,6394.6,1,0,0.38,benign
2024-01-01 10:38:05,doorbell,10.127,4351.9,1,0,0.381,benign
2024-01-01 10:38:10,thermostat,15.715,7711.4,3,1,0.311,benign
2024-01-01 10:38:15,webcam,24.714,5449.3,5,2,0.448,benign
2024-01-01 10:38:20,baby_monitor,10.525,4135.6,2,1,0.261,benign
2024-01-01 10:38:25,doorbell,11.833,6460.0,1,0,0.205,benign
2024-01-01 10:38:30,webcam,13.45,5935.8,0,0,0.57,benign
2024-01-01 10:38:35,baby_monitor,15.648,2518.7,2,0,0.601,benign
2024-01-01 10:38:40,doorbell,14.688,3448.3,6,2,0.185,benign
2024-01-01 10:38:45,baby_monitor,7.075,4826.9,1,1,0.691,benign
2024-01-01 10:38:50,thermostat,10.845,2624.6,4,0,0.211,benign
2024-01-01 10:38:55,doorbell,14.733,8135.8,4,1,0.365,benign
2024-01-01 10:39:00,doorbell,17.121,6233.3,1,0,0.462,benign
2024-01-01 10:39:05,thermostat,8.74,4980.0,1,0,0.24,benign
2024-01-01 10:39:10,doorbell,30.2,11163.3,7,0,0.799,attack
2024-01-01 10:39:15,webcam,11.288,4100.5,2,0,0.149,benign
2024-01-01 10:39:20,doorbell,9.505,2054.0,4,0,0.283,benign
2024-01-01 10:39:25,webcam,10.601,2400.7,4,1,0.18,benign
2024-01-01 10:39:30,doorbell,2.819,7851.7,2,1,0.38,benign
2024-01-01 10:39:35,baby_monitor,31.526,7360.4,3,2,0.658,benign
2024-01-01 10:39:40,baby_monitor,24.191,12360.1,6,0,0.849,attack
2024-01-01 10:39:45,baby_monitor,8.881,6362.0,2,0,0.602,benign
2024-01-01 10:39:50,thermostat,3.894,5759.6,4,1,0.342,benign
2024-01-01 10:39:55,doorbell,3.547,5936.4,1,0,0.262,benign
2024-01-01 10:40:00,thermostat,11.649,2862.2,1,0,0.185,benign
2024-01-01 10:40:05,doorbell,14.76,2287.7,1,0,0.36,benign
2024-01-01 10:40:10,doorbell,13.553,6773.9,3,0,0.216,benign
2024-01-01 10:40:15,doorbell,6.193,2031.1,2,2,0.352,benign
2024-01-01 10:40:20,webcam,13.197,4777.7,6,2,0.1,benign
2024-01-01 10:40:25,thermostat,8.816,4448.4,2,1,0.104,benign
2024-01-01 10:40:30,thermostat,26.884,9628.8,2,1,0.959,attack
2024-01-01 10:40:35,webcam,4.637,5471.7,3,0,0.192,benign
2024-01-01 10:40:40,doorbell,6.574,3983.6,3,1,0.352,benign
2024-01-01 10:40:45,baby_monitor,11.772,5593.6,1,0,0.061,benign
2024-01-01 10:40:50,webcam,10.793,5211.7,2,1,0.208,benign
2024-01-01 10:40:55,webcam,10.078,8148.1,2,0,0.359,benign
2024-01-01 10:41:00,doorbell,2.733,2921.9,5,0,0.387,benign
2024-01-01 10:41:05,thermostat,43.687,11909.7,8,1,0.778,attack
2024-01-01 10:41:10,thermostat,7.024,5647.0,3,0,0.515,benign
2024-01-01 10:41:15,doorbell,10.829,4615.4,2,0,0.248,benign
2024-01-01 10:41:20,doorbell,15.86,2994.4,4,1,0.122,benign
2024-01-01 10:41:25,thermostat,7.528,6885.7,0,1,0.238,benign
2024-01-01 10:41:30,thermostat,9.787,5505.4,1,0,0.435,benign
2024-01-01 10:41:35,doorbell,21.228,3099.7,3,0,0.151,benign
2024-01-01 10:41:40,baby_monitor,10.584,5658.0,2,0,0.168,benign
2024-01-01 10:41:45,doorbell,9.237,7552.3,2,0,0.464,benign
2024-01-01 10:41:50,webcam,6.243,4945.5,4,1,0.498,benign
2024-01-01 10:41:55,baby_monitor,13.361,4996.7,0,0,0.364,benign
2024-01-01 10:42:00,webcam,5.722,7352.0,6,0,0.338,benign
2024-01-01 10:42:05,webcam,16.174,3544.4,1,0,0.378,benign
2024-01-01 10:42:10,webcam,12.51,7591.3,3,0,0.42,benign
2024-01-01 10:42:15,doorbell,15.438,15782.2,9,0,0.743,attack
2024-01-01 10:42:20,baby_monitor,6.346,3613.7,1,0,0.361,benign
2024-01-01 10:42:25,webcam,6.421,3997.6,1,0,0.366,benign
2024-01-01 10:42:30,baby_monitor,3.582,4212.8,1,0,0.182,benign
2024-01-01 10:42:35,doorbell,11.522,2249.7,2,0,0.427,benign
2024-01-01 10:42:40,doorbell,2.931,5390.7,0,0,0.582,benign
2024-01-01 10:42:45,doorbell,8.966,3681.6,0,0,0.076,benign
2024-01-01 10:42:50,thermostat,8.699,5444.8,4,1,0.393,benign
2024-01-01 10:42:55,webcam,7.992,3063.6,3,1,0.272,benign
2024-01-01 10:43:00,baby_monitor,11.487,6384.5,2,0,0.309,benign
2024-01-01 10:43:05,webcam,7.151,6106.4,0,1,0.108,benign
2024-01-01 10:43:10,baby_monitor,10.138,3941.2,2,0,0.155,benign
2024-01-01 10:43:15,doorbell,16.172,5539.5,0,1,0.049,benign
2024-01-01 10:43:20,baby_monitor,12.102,5124.4,6,1,0.063,benign
2024-01-01 10:43:25,thermostat,7.662,7223.4,4,1,0.463,benign
2024-01-01 10:43:30,thermostat,9.367,3451.3,1,1,0.534,benign
2024-01-01 10:43:35,thermostat,7.996,4771.6,3,1,0.473,benign
2024-01-01 10:43:40,thermostat,8.641,4039.0,5,1,0.098,benign
2024-01-01 10:43:45,webcam,10.28,5067.2,5,2,0.605,benign
2024-01-01 10:43:50,doorbell,4.528,5799.9,3,0,0.635,benign
2024-01-01 10:43:55,doorbell,3.986,4022.3,3,1,0.462,benign
2024-01-01 10:44:00,baby_monitor,5.983,4453.8,1,0,0.087,benign
2024-01-01 10:44:05,webcam,11.733,6449.1,2,0,0.716,benign
2024-01-01 10:44:10,thermostat,12.459,7036.0,2,1,0.383,benign
2024-01-01 10:44:15,webcam,13.293,5740.3,5,0,0.391,benign
2024-01-01 10:44:20,doorbell,6.1,4793.1,1,0,0.362,benign
2024-01-01 10:44:25,doorbell,9.762,4650.4,2,1,0.322,benign
2024-01-01 10:44:30,thermostat,7.775,5822.2,1,0,0.178,benign
2024-01-01 10:44:35,webcam,8.809,5341.7,1,0,0.404,benign
2024-01-01 10:44:40,doorbell,32.917,8440.8,5,1,0.822,attack
2024-01-01 10:44:45,webcam,10.546,5858.6,1,0,0.337,benign
2024-01-01 10:44:50,doorbell,6.727,3709.1,4,1,0.08,benign
2024-01-01 10:44:55,webcam,15.366,2874.6,2,0,0.556,benign
2024-01-01 10:45:00,doorbell,43.577,6803.0,7,0,0.755,attack
2024-01-01 10:45:05,thermostat,11.569,4675.8,2,1,0.045,benign
2024-01-01 10:45:10,doorbell,14.564,3475.2,3,0,0.143,benign
2024-01-01 10:45:15,webcam,4.436,1510.5,0,0,0.559,benign
2024-01-01 10:45:20,doorbell,15.767,4462.3,2,1,0.534,benign
2024-01-01 10:45:25,doorbell,11.072,4264.1,3,0,0.277,benign
2024-01-01 10:45:30,webcam,6.923,4775.1,3,0,0.289,benign
2024-01-01 10:45:35,webcam,6.59,4056.7,3,0,0.12,benign
2024-01-01 10:45:40,webcam,18.152,7744.0,2,0,0.553,benign
2024-01-01 10:45:45,doorbell,13.388,5776.0,2,0,0.085,benign
2024-01-01 10:45:50,thermostat,8.7,4250.6,4,1,0.519,benign
2024-01-01 10:45:55,baby_monitor,4.41,4904.6,3,1,0.281,benign
2024-01-01 10:46:00,thermostat,16.127,7122.0,2,0,0.314,benign
2024-01-01 10:46:05,doorbell,21.05,25556.5,6,0,0.906,attack
2024-01-01 10:46:10,webcam,7.842,2905.7,3,1,0.158,benign
2024-01-01 10:46:15,doorbell,8.695,3538.6,2,0,0.207,benign
2024-01-01 10:46:20,doorbell,6.542,3827.2,3,1,0.038,benign
2024-01-01 10:46:25,baby_monitor,8.514,4340.5,2,0,0.151,benign
2024-01-01 10:46:30,doorbell,9.303,4106.9,1,0,0.512,benign
2024-01-01 10:46:35,webcam,8.432,5051.0,1,1,0.264,benign
2024-01-01 10:46:40,webcam,10.783,6103.6,3,0,0.134,benign
2024-01-01 10:46:45,thermostat,18.456,6354.0,2,2,0.132,benign
2024-01-01 10:46:50,webcam,4.523,4509.8,3,0,0.214,benign
2024-01-01 10:46:55,doorbell,10.032,2548.0,4,0,0.441,benign
2024-01-01 10:47:00,doorbell,5.35,3439.4,3,0,0.367,benign
2024-01-01 10:47:05,webcam,4.296,4220.3,1,0,0.284,benign
2024-01-01 10:47:10,doorbell,14.069,3132.4,2,1,0.258,benign
2024-01-01 10:47:15,webcam,10.423,6711.3,2,1,0.228,benign
2024-01-01 10:47:20,doorbell,4.154,3230.7,1,0,0.18,benign
2024-01-01 10:47:25,doorbell,8.511,5925.6,4,0,0.26,benign
2024-01-01 10:47:30,webcam,3.419,2477.2,2,0,0.248,benign
2024-01-01 10:47:35,doorbell,5.991,5985.8,2,1,0.109,benign
2024-01-01 10:47:40,webcam,2.697,4791.1,2,0,0.105,benign
2024-01-01 10:47:45,thermostat,8.65,7268.8,1,0,0.377,benign
2024-01-01 10:47:50,thermostat,12.658,3302.7,2,0,0.297,benign
2024-01-01 10:47:55,doorbell,12.083,4153.8,3,0,0.179,benign
2024-01-01 10:48:00,doorbell,7.736,4444.4,2,1,0.299,benign
2024-01-01 10:48:05,doorbell,14.364,4771.2,1,0,0.278,benign
2024-01-01 10:48:10,webcam,81.963,14583.2,6,0,0.772,attack
2024-01-01 10:48:15,thermostat,12.752,4510.0,3,0,0.657,benign
2024-01-01 10:48:20,doorbell,33.807,9878.0,6,0,0.979,attack
2024-01-01 10:48:25,baby_monitor,8.783,1893.2,3,0,0.34,benign
2024-01-01 10:48:30,doorbell,18.193,6490.0,2,0,0.039,benign
2024-01-01 10:48:35,webcam,8.01,9291.7,5,0,0.358,benign
2024-01-01 10:48:40,thermostat,12.1,5447.4,4,1,0.291,benign
2024-01-01 10:48:45,baby_monitor,6.498,3296.4,4,1,0.257,benign
2024-01-01 10:48:50,thermostat,14.409,3448.2,1,0,0.242,benign
2024-01-01 10:48:55,thermostat,6.138,5919.8,4,0,0.101,benign
2024-01-01 10:49:00,doorbell,8.961,5578.2,1,1,0.132,benign
2024-01-01 10:49:05,thermostat,11.908,4573.6,3,0,0.338,benign
2024-01-01 10:49:10,doorbell,19.864,6130.1,3,1,0.652,benign
2024-01-01 10:49:15,baby_monitor,10.336,1904.2,3,2,0.213,benign
2024-01-01 10:49:20,webcam,8.244,6131.1,1,0,0.436,benign
2024-01-01 10:49:25,thermostat,7.954,5356.6,4,3,0.182,benign
2024-01-01 10:49:30,webcam,14.127,3506.1,6,1,0.337,benign
2024-01-01 10:49:35,webcam,11.477,2850.0,4,0,0.454,benign
2024-01-01 10:49:40,webcam,12.546,5182.0,0,0,0.32,benign
2024-01-01 10:49:45,thermostat,17.614,7110.9,2,0,0.537,benign
2024-01-01 10:49:50,doorbell,9.595,4657.9,1,0,0.309,benign
2024-01-01 10:49:55,doorbell,11.114,3721.0,1,0,0.257,benign
2024-01-01 10:50:00,doorbell,7.904,5286.9,3,0,0.203,benign
2024-01-01 10:50:05,doorbell,6.378,7731.3,2,1,0.345,benign
2024-01-01 10:50:10,baby_monitor,6.984,5646.9,4,0,0.253,benign
2024-01-01 10:50:15,doorbell,2.347,5809.1,2,0,0.147,benign
2024-01-01 10:50:20,baby_monitor,11.854,6834.2,1,1,0.081,benign
2024-01-01 10:50:25,doorbell,11.308,5708.8,3,0,0.338,benign
2024-01-01 10:50:30,doorbell,11.741,3828.5,2,1,0.173,benign
2024-01-01 10:50:35,thermostat,6.173,2383.2,5,2,0.387,benign
2024-01-01 10:50:40,thermostat,7.043,3617.5,1,0,0.44,benign
2024-01-01 10:50:45,webcam,6.933,3342.9,4,1,0.325,benign
2024-01-01 10:50:50,webcam,15.038,5989.0,4,0,0.119,benign
2024-01-01 10:50:55,thermostat,10.162,6197.5,0,0,0.404,benign
2024-01-01 10:51:00,doorbell,9.548,5263.4,2,0,0.334,benign
2024-01-01 10:51:05,baby_monitor,26.67,9195.1,6,1,0.806,attack
2024-01-01 10:51:10,baby_monitor,6.944,7679.9,0,0,0.609,benign
2024-01-01 10:51:15,thermostat,10.992,4375.7,1,0,0.247,benign
2024-01-01 10:51:20,doorbell,21.029,5905.2,1,0,0.205,benign
2024-01-01 10:51:25,thermostat,16.094,5074.0,3,1,0.48,benign
2024-01-01 10:51:30,doorbell,10.917,5313.0,1,1,0.271,benign
2024-01-01 10:51:35,doorbell,9.713,5852.3,1,0,0.216,benign
2024-01-01 10:51:40,doorbell,11.696,3956.0,3,0,0.19,benign
2024-01-01 10:51:45,webcam,17.087,6958.1,3,2,0.57,benign
2024-01-01 10:51:50,baby_monitor,16.545,2630.7,7,1,0.064,benign
2024-01-01 10:51:55,thermostat,18.367,3442.2,2,0,0.52,benign
2024-01-01 10:52:00,thermostat,10.423,6938.6,2,0,0.366,benign
2024-01-01 10:52:05,webcam,2.918,5885.0,2,2,0.435,benign
2024-01-01 10:52:10,doorbell,20.354,8810.6,3,1,0.099,benign
2024-01-01 10:52:15,webcam,6.371,5102.5,9,3,0.429,benign
2024-01-01 10:52:20,baby_monitor,3.136,7550.6,3,0,0.314,benign
2024-01-01 10:52:25,doorbell,12.969,2213.8,2,1,0.19,benign
2024-01-01 10:52:30,baby_monitor,11.367,7024.8,7,1,0.923,attack
2024-01-01 10:52:35,webcam,9.457,6343.3,1,0,0.247,benign
2024-01-01 10:52:40,webcam,2.927,2389.4,2,0,0.381,benign
2024-01-01 10:52:45,thermostat,8.017,4703.9,2,0,0.337,benign
2024-01-01 10:52:50,webcam,18.386,6750.8,1,0,0.1,benign
2024-01-01 10:52:55,baby_monitor,10.98,5751.8,3,0,0.418,benign
2024-01-01 10:53:00,baby_monitor,9.411,5016.6,1,0,0.326,benign
2024-01-01 10:53:05,webcam,11.528,4326.3,0,0,0.139,benign
2024-01-01 10:53:10,doorbell,1.847,5303.3,2,0,0.197,benign
2024-01-01 10:53:15,webcam,6.868,5865.9,6,0,0.06,benign
2024-01-01 10:53:20,baby_monitor,7.379,4008.7,2,0,0.415,benign
2024-01-01 10:53:25,doorbell,12.346,5557.6,1,1,0.19,benign
2024-01-01 10:53:30,webcam,5.692,6617.6,1,0,0.159,benign
2024-01-01 10:53:35,webcam,10.218,4666.3,3,0,0.269,benign
2024-01-01 10:53:40,thermostat,8.996,5102.2,1,0,0.266,benign
2024-01-01 10:53:45,doorbell,7.048,5725.7,2,0,0.198,benign
2024-01-01 10:53:50,thermostat,7.271,5827.0,1,1,0.137,benign
2024-01-01 10:53:55,baby_monitor,8.958,6317.7,3,0,0.15,benign
2024-01-01 10:54:00,doorbell,3.401,3478.4,2,0,0.168,benign
2024-01-01 10:54:05,doorbell,13.145,4206.6,4,3,0.056,benign
2024-01-01 10:54:10,baby_monitor,6.349,4262.2,3,0,0.242,benign
2024-01-01 10:54:15,doorbell,8.255,3644.1,2,0,0.271,benign
2024-01-01 10:54:20,baby_monitor,18.083,2302.4,4,0,0.408,benign
2024-01-01 10:54:25,webcam,13.246,118.3,2,0,0.237,benign
2024-01-01 10:54:30,doorbell,5.191,6793.2,3,2,0.212,benign
2024-01-01 10:54:35,baby_monitor,1.656,2669.2,4,0,0.597,benign
2024-01-01 10:54:40,webcam,11.75,7349.8,4,2,0.241,benign
2024-01-01 10:54:45,webcam,8.409,6109.1,2,2,0.247,benign
2024-01-01 10:54:50,webcam,10.246,4391.5,4,1,0.236,benign
2024-01-01 10:54:55,webcam,13.049,5924.6,1,0,0.172,benign
2024-01-01 10:55:00,doorbell,13.969,5637.7,3,0,0.299,benign
2024-01-01 10:55:05,webcam,7.652,3347.3,7,1,0.226,benign
2024-01-01 10:55:10,baby_monitor,8.89,4977.5,1,0,0.265,benign
2024-01-01 10:55:15,doorbell,11.138,3530.2,1,0,0.113,benign
2024-01-01 10:55:20,thermostat,32.632,18402.2,10,0,0.756,attack
2024-01-01 10:55:25,doorbell,10.201,3927.2,0,1,0.1,benign
2024-01-01 10:55:30,thermostat,17.183,4855.1,4,1,0.25,benign
2024-01-01 10:55:35,doorbell,11.409,4790.3,3,1,0.485,benign
2024-01-01 10:55:40,baby_monitor,12.963,5182.4,3,2,0.729,benign
2024-01-01 10:55:45,webcam,10.593,7493.8,1,0,0.344,benign
2024-01-01 10:55:50,doorbell,5.671,4638.6,1,0,0.017,benign
2024-01-01 10:55:55,doorbell,6.857,6826.9,1,0,0.37,benign
2024-01-01 10:56:00,doorbell,5.08,5720.0,8,0,0.568,benign
2024-01-01 10:56:05,webcam,14.668,7127.6,0,0,0.402,benign
2024-01-01 10:56:10,doorbell,4.142,4492.3,3,0,0.452,benign
2024-01-01 10:56:15,thermostat,8.721,6044.2,2,0,0.163,benign
2024-01-01 10:56:20,webcam,7.851,4911.1,6,3,0.246,benign
2024-01-01 10:56:25,doorbell,7.754,515.9,4,0,0.25,benign
2024-01-01 10:56:30,webcam,8.074,3365.2,2,0,0.246,benign
2024-01-01 10:56:35,thermostat,18.627,5873.6,1,0,0.288,benign
2024-01-01 10:56:40,doorbell,3.271,5774.4,2,0,0.061,benign
2024-01-01 10:56:45,doorbell,16.222,3057.5,2,0,0.424,benign
2024-01-01 10:56:50,doorbell,8.397,5330.6,1,1,0.493,benign
2024-01-01 10:56:55,thermostat,13.562,5754.9,1,0,0.094,benign
2024-01-01 10:57:00,thermostat,9.682,4948.0,2,0,0.215,benign
2024-01-01 10:57:05,webcam,5.346,6093.2,4,0,0.372,benign
2024-01-01 10:57:10,thermostat,16.914,5888.8,1,0,0.106,benign
2024-01-01 10:57:15,thermostat,15.749,4947.3,1,0,0.073,benign
2024-01-01 10:57:20,webcam,5.547,4233.8,4,1,0.321,benign
2024-01-01 10:57:25,baby_monitor,12.15,6563.8,5,0,0.255,benign
2024-01-01 10:57:30,doorbell,7.01,5694.7,1,0,0.477,benign
2024-01-01 10:57:35,doorbell,4.236,2927.9,1,0,0.159,benign
2024-01-01 10:57:40,doorbell,6.357,5331.3,3,0,0.288,benign
2024-01-01 10:57:45,doorbell,16.472,3273.5,1,0,0.309,benign
2024-01-01 10:57:50,webcam,13.71,3553.1,3,2,0.172,benign
2024-01-01 10:57:55,baby_monitor,8.119,4022.1,0,0,0.323,benign
2024-01-01 10:58:00,doorbell,16.507,5067.3,1,0,0.196,benign
2024-01-01 10:58:05,doorbell,15.212,5561.7,4,0,0.334,benign
2024-01-01 10:58:10,webcam,6.361,4386.6,2,0,0.363,benign
2024-01-01 10:58:15,baby_monitor,18.293,4452.2,1,0,0.15,benign
2024-01-01 10:58:20,doorbell,7.814,4245.1,2,0,0.411,benign
2024-01-01 10:58:25,webcam,8.324,6571.3,1,0,0.118,benign
2024-01-01 10:58:30,doorbell,3.317,720.6,0,0,0.247,benign
2024-01-01 10:58:35,doorbell,6.946,4537.0,2,1,0.348,benign
2024-01-01 10:58:40,baby_monitor,8.753,7317.5,4,1,0.271,benign
2024-01-01 10:58:45,baby_monitor,10.727,5775.8,7,0,0.127,benign
2024-01-01 10:58:50,doorbell,5.355,6900.3,5,1,0.329,benign
2024-01-01 10:58:55,baby_monitor,6.504,1948.6,2,1,0.272,benign
2024-01-01 10:59:00,webcam,18.473,3136.6,2,1,0.274,benign
2024-01-01 10:59:05,baby_monitor,14.764,5771.1,2,0,0.466,benign
2024-01-01 10:59:10,webcam,15.978,7325.9,2,1,0.255,benign
2024-01-01 10:59:15,webcam,9.094,3288.1,3,0,0.266,benign
2024-01-01 10:59:20,webcam,10.871,4418.4,3,0,0.26,benign
2024-01-01 10:59:25,thermostat,12.271,5602.2,5,1,0.539,benign
2024-01-01 10:59:30,doorbell,18.352,2821.3,7,2,0.234,benign
2024-01-01 10:59:35,doorbell,4.189,5782.5,2,1,0.317,benign
2024-01-01 10:59:40,doorbell,7.281,986.5,3,2,0.005,benign
2024-01-01 10:59:45,thermostat,10.426,5738.4,3,0,0.009,benign
2024-01-01 10:59:50,doorbell,9.71,3507.4,2,1,0.549,benign
2024-01-01 10:59:55,thermostat,6.464,4328.6,0,0,0.149,benign
2024-01-01 11:00:00,baby_monitor,11.798,5977.8,1,0,0.548,benign
2024-01-01 11:00:05,doorbell,33.379,15811.9,7,1,0.765,attack
2024-01-01 11:00:10,thermostat,9.389,4988.0,3,0,0.123,benign
2024-01-01 11:00:15,webcam,11.564,6453.6,2,0,0.148,benign
2024-01-01 11:00:20,baby_monitor,31.566,6982.1,5,0,0.802,attack
2024-01-01 11:00:25,doorbell,13.2,5306.6,2,1,0.455,benign
2024-01-01 11:00:30,thermostat,14.276,3814.7,4,0,0.127,benign
2024-01-01 11:00:35,thermostat,6.583,6377.0,4,0,0.241,benign
2024-01-01 11:00:40,baby_monitor,7.394,6030.6,1,1,0.176,benign
2024-01-01 11:00:45,thermostat,5.75,6085.0,3,0,0.23,benign
2024-01-01 11:00:50,webcam,9.293,7468.1,5,1,0.092,benign
2024-01-01 11:00:55,webcam,10.723,6689.5,1,0,0.219,benign
2024-01-01 11:01:00,baby_monitor,7.929,4763.9,1,0,0.327,benign
2024-01-01 11:01:05,webcam,10.588,4998.1,2,1,0.355,benign
2024-01-01 11:01:10,doorbell,7.302,5901.4,2,0,0.568,benign
2024-01-01 11:01:15,baby_monitor,7.414,5204.3,1,1,0.114,benign
2024-01-01 11:01:20,thermostat,10.974,6057.8,6,0,0.377,benign
2024-01-01 11:01:25,thermostat,7.647,1654.5,1,0,0.178,benign
2024-01-01 11:01:30,doorbell,9.063,7821.2,3,0,0.26,benign
2024-01-01 11:01:35,thermostat,11.15,5091.5,3,1,0.466,benign
2024-01-01 11:01:40,webcam,10.519,2566.3,2,1,0.158,benign
2024-01-01 11:01:45,thermostat,2.353,3629.3,2,1,0.219,benign
2024-01-01 11:01:50,doorbell,7.351,1806.0,0,0,0.437,benign
2024-01-01 11:01:55,thermostat,14.922,3364.6,3,1,0.189,benign
2024-01-01 11:02:00,baby_monitor,4.072,4786.6,6,3,0.38,benign
2024-01-01 11:02:05,doorbell,1.437,7272.1,2,0,0.101,benign
2024-01-01 11:02:10,baby_monitor,12.025,5616.0,0,0,0.231,benign
2024-01-01 11:02:15,webcam,10.426,5349.3,4,1,0.409,benign
2024-01-01 11:02:20,baby_monitor,5.371,3297.3,0,0,0.709,benign
2024-01-01 11:02:25,thermostat,9.819,3763.3,1,1,0.42,benign
2024-01-01 11:02:30,webcam,6.88,3879.6,4,0,0.656,benign
2024-01-01 11:02:35,thermostat,24.079,12689.2,7,1,0.945,attack
2024-01-01 11:02:40,baby_monitor,1.635,4472.7,0,0,0.118,benign
2024-01-01 11:02:45,webcam,8.269,4586.0,1,1,0.206,benign
2024-01-01 11:02:50,doorbell,7.196,4491.4,6,2,0.373,benign
2024-01-01 11:02:55,thermostat,13.222,3993.0,2,0,0.428,benign
2024-01-01 11:03:00,thermostat,3.384,5202.6,4,1,0.15,benign
2024-01-01 11:03:05,thermostat,9.531,4528.4,0,0,0.176,benign
2024-01-01 11:03:10,thermostat,11.959,2606.6,3,0,0.463,benign
2024-01-01 11:03:15,webcam,19.873,5051.6,5,2,0.361,benign
2024-01-01 11:03:20,thermostat,7.403,4824.9,2,1,0.051,benign
2024-01-01 11:03:25,doorbell,10.807,2630.6,5,2,0.307,benign
2024-01-01 11:03:30,webcam,3.508,4113.0,1,0,0.066,benign
2024-01-01 11:03:35,doorbell,9.309,5895.6,3,1,0.23,benign
2024-01-01 11:03:40,doorbell,15.407,3295.3,1,1,0.154,benign
2024-01-01 11:03:45,webcam,19.96,3136.7,1,0,0.245,benign
2024-01-01 11:03:50,webcam,11.267,4512.7,2,0,0.122,benign
2024-01-01 11:03:55,thermostat,4.059,5934.4,5,2,0.489,benign
2024-01-01 11:04:00,webcam,16.501,7715.5,1,0,0.419,benign
2024-01-01 11:04:05,webcam,4.078,5988.4,4,3,0.327,benign
2024-01-01 11:04:10,doorbell,5.109,6627.2,1,0,0.304,benign
2024-01-01 11:04:15,webcam,17.125,5520.0,3,1,0.056,benign
2024-01-01 11:04:20,doorbell,27.745,11947.0,5,1,0.877,attack
2024-01-01 11:04:25,doorbell,7.01,5977.6,1,0,0.467,benign
2024-01-01 11:04:30,webcam,50.556,11358.6,6,1,0.859,attack
2024-01-01 11:04:35,thermostat,10.061,5565.6,1,0,0.304,benign
2024-01-01 11:04:40,webcam,14.793,3581.0,1,0,0.141,benign
2024-01-01 11:04:45,webcam,10.273,5699.7,2,0,0.168,benign
2024-01-01 11:04:50,webcam,10.381,4819.2,3,0,0.271,benign
2024-01-01 11:04:55,baby_monitor,14.56,5346.9,0,0,0.105,benign
2024-01-01 11:05:00,webcam,8.943,4872.4,1,1,0.042,benign
2024-01-01 11:05:05,webcam,5.999,4584.2,1,0,0.399,benign
2024-01-01 11:05:10,doorbell,13.014,5727.0,5,1,0.7,benign
2024-01-01 11:05:15,doorbell,8.129,4390.9,1,0,0.505,benign
2024-01-01 11:05:20,webcam,10.647,2617.0,1,0,0.139,benign
2024-01-01 11:05:25,webcam,3.094,2189.0,1,1,0.555,benign
2024-01-01 11:05:30,webcam,41.153,20258.1,8,1,0.807,attack
2024-01-01 11:05:35,webcam,7.248,4329.2,2,0,0.375,benign
2024-01-01 11:05:40,webcam,3.04,2406.4,3,1,0.277,benign
2024-01-01 11:05:45,thermostat,8.903,5159.8,1,0,0.13,benign
2024-01-01 11:05:50,thermostat,9.042,4859.2,1,0,0.235,benign
2024-01-01 11:05:55,thermostat,10.996,4250.6,1,0,0.049,benign
2024-01-01 11:06:00,baby_monitor,15.292,5370.2,2,1,0.215,benign
2024-01-01 11:06:05,doorbell,14.2,6972.6,6,2,0.244,benign
2024-01-01 11:06:10,doorbell,7.492,6926.9,2,1,0.215,benign
2024-01-01 11:06:15,doorbell,10.159,5215.6,8,2,0.028,benign
2024-01-01 11:06:20,webcam,55.444,16734.0,6,2,0.905,attack
2024-01-01 11:06:25,baby_monitor,7.595,5236.6,3,2,0.253,benign
2024-01-01 11:06:30,doorbell,4.278,5463.5,5,1,0.788,benign
2024-01-01 11:06:35,baby_monitor,8.461,4597.6,0,0,0.168,benign
2024-01-01 11:06:40,doorbell,15.577,5261.8,1,0,0.539,benign
2024-01-01 11:06:45,baby_monitor,4.168,2639.6,4,1,0.556,benign
2024-01-01 11:06:50,webcam,5.693,5122.0,1,0,0.291,benign
2024-01-01 11:06:55,doorbell,6.311,5715.2,0,0,0.064,benign
2024-01-01 11:07:00,webcam,5.726,4265.2,1,0,0.412,benign
2024-01-01 11:07:05,doorbell,12.714,4856.8,2,1,0.146,benign
2024-01-01 11:07:10,doorbell,6.867,3332.7,0,0,0.199,benign
2024-01-01 11:07:15,doorbell,12.866,3124.5,5,1,0.63,benign
2024-01-01 11:07:20,thermostat,9.526,5316.2,3,0,0.165,benign
2024-01-01 11:07:25,webcam,3.64,3905.7,4,1,0.434,benign
2024-01-01 11:07:30,doorbell,7.674,2334.8,1,0,0.213,benign
2024-01-01 11:07:35,webcam,14.389,3332.3,3,0,0.308,benign
2024-01-01 11:07:40,thermostat,10.017,3550.4,1,0,0.368,benign
2024-01-01 11:07:45,doorbell,7.953,6161.9,2,0,0.037,benign
2024-01-01 11:07:50,webcam,15.661,5268.7,5,1,0.519,benign
2024-01-01 11:07:55,doorbell,5.412,3692.6,2,1,0.192,benign
2024-01-01 11:08:00,doorbell,22.322,16177.9,6,0,0.952,attack
2024-01-01 11:08:05,thermostat,13.79,6968.1,5,2,0.224,benign
2024-01-01 11:08:10,doorbell,12.598,6404.2,1,0,0.37,benign
2024-01-01 11:08:15,webcam,5.183,3322.9,3,0,0.316,benign
2024-01-01 11:08:20,thermostat,11.53,6745.3,2,1,0.232,benign
2024-01-01 11:08:25,doorbell,6.813,4879.1,3,1,0.324,benign
2024-01-01 11:08:30,webcam,2.956,6199.4,4,0,0.219,benign
2024-01-01 11:08:35,doorbell,8.028,4755.0,3,0,0.318,benign
2024-01-01 11:08:40,baby_monitor,20.535,6778.7,5,2,0.075,benign
2024-01-01 11:08:45,webcam,14.5,3260.6,1,0,0.275,benign
2024-01-01 11:08:50,thermostat,9.13,4616.8,1,0,0.68,benign
2024-01-01 11:08:55,webcam,4.031,6824.7,1,0,0.152,benign
2024-01-01 11:09:00,doorbell,3.01,1411.1,1,0,0.506,benign
2024-01-01 11:09:05,webcam,37.578,18028.7,5,0,0.858,attack
2024-01-01 11:09:10,baby_monitor,11.191,4409.7,3,0,0.376,benign
2024-01-01 11:09:15,webcam,12.78,6027.0,4,0,0.476,benign
2024-01-01 11:09:20,thermostat,12.129,6604.9,3,0,0.496,benign
2024-01-01 11:09:25,baby_monitor,12.591,6095.4,1,0,0.713,benign
2024-01-01 11:09:30,doorbell,10.58,5361.5,6,1,0.288,benign
2024-01-01 11:09:35,doorbell,15.51,5060.8,1,0,0.052,benign
2024-01-01 11:09:40,webcam,7.242,4485.9,1,0,0.16,benign
2024-01-01 11:09:45,webcam,9.474,5315.0,4,0,0.101,benign
2024-01-01 11:09:50,thermostat,3.648,7189.5,4,1,0.217,benign
2024-01-01 11:09:55,baby_monitor,7.167,3754.2,3,0,0.224,benign
2024-01-01 11:10:00,webcam,14.323,4396.9,2,1,0.483,benign
2024-01-01 11:10:05,doorbell,12.412,4886.7,2,0,0.373,benign
2024-01-01 11:10:10,thermostat,2.379,6501.4,3,0,0.117,benign
2024-01-01 11:10:15,doorbell,21.228,5335.0,2,0,0.157,benign
2024-01-01 11:10:20,thermostat,28.817,19955.8,7,1,0.852,attack
2024-01-01 11:10:25,webcam,10.115,6551.2,4,0,0.237,benign
2024-01-01 11:10:30,thermostat,6.947,5888.1,2,0,0.249,benign
2024-01-01 11:10:35,doorbell,7.693,3404.0,2,0,0.183,benign
2024-01-01 11:10:40,webcam,42.895,16230.5,8,1,0.715,attack
2024-01-01 11:10:45,webcam,12.097,7118.6,1,1,0.247,benign
2024-01-01 11:10:50,webcam,10.806,5095.3,3,0,0.057,benign
2024-01-01 11:10:55,doorbell,7.216,2927.3,4,1,0.222,benign
2024-01-01 11:11:00,thermostat,5.958,2659.3,4,1,0.611,benign
2024-01-01 11:11:05,baby_monitor,22.116,13768.8,3,0,0.738,attack
2024-01-01 11:11:10,doorbell,14.821,3947.4,2,0,0.201,benign
2024-01-01 11:11:15,doorbell,14.028,2424.2,3,1,0.079,benign
2024-01-01 11:11:20,doorbell,11.601,2631.0,3,1,0.269,benign
2024-01-01 11:11:25,webcam,14.773,4295.0,8,1,0.416,benign
2024-01-01 11:11:30,webcam,8.803,5292.4,2,0,0.448,benign
2024-01-01 11:11:35,webcam,13.491,7108.6,1,0,0.329,benign
2024-01-01 11:11:40,doorbell,11.871,5726.3,6,1,0.22,benign
2024-01-01 11:11:45,webcam,13.654,4427.9,5,1,0.217,benign
2024-01-01 11:11:50,webcam,5.467,5569.9,4,0,0.374,benign
2024-01-01 11:11:55,webcam,2.166,5435.9,3,0,0.238,benign
2024-01-01 11:12:00,baby_monitor,10.512,6109.3,2,0,0.193,benign
2024-01-01 11:12:05,doorbell,35.349,16753.2,5,1,0.906,attack
2024-01-01 11:12:10,thermostat,2.655,6554.3,2,0,0.246,benign
2024-01-01 11:12:15,webcam,15.876,6236.7,2,0,0.128,benign
2024-01-01 11:12:20,webcam,14.045,5124.1,6,1,0.564,benign
2024-01-01 11:12:25,thermostat,10.93,4821.2,4,0,0.577,benign
2024-01-01 11:12:30,thermostat,6.14,6379.6,3,2,0.192,benign
2024-01-01 11:12:35,baby_monitor,3.559,3929.8,5,2,0.034,benign
2024-01-01 11:12:40,doorbell,2.633,2740.1,3,0,0.065,benign
2024-01-01 11:12:45,doorbell,7.142,2731.6,1,0,0.584,benign
2024-01-01 11:12:50,thermostat,12.674,3805.4,3,0,0.127,benign
2024-01-01 11:12:55,webcam,7.938,5989.5,2,2,0.256,benign
2024-01-01 11:13:00,doorbell,11.665,4365.8,1,0,0.155,benign
2024-01-01 11:13:05,doorbell,11.927,5306.8,2,0,0.649,benign
2024-01-01 11:13:10,doorbell,12.592,4257.1,2,0,0.184,benign
2024-01-01 11:13:15,baby_monitor,3.217,4269.0,1,1,0.217,benign
2024-01-01 11:13:20,doorbell,6.415,3461.8,2,0,0.363,benign
2024-01-01 11:13:25,doorbell,11.568,4862.2,4,1,0.178,benign
2024-01-01 11:13:30,doorbell,17.408,4737.3,3,0,0.134,benign
2024-01-01 11:13:35,webcam,15.234,5619.0,1,1,0.219,benign
2024-01-01 11:13:40,doorbell,10.674,5431.5,3,0,0.688,benign
2024-01-01 11:13:45,webcam,15.951,4704.3,4,2,0.219,benign
2024-01-01 11:13:50,doorbell,10.637,2740.9,2,0,0.283,benign
2024-01-01 11:13:55,thermostat,15.097,24278.9,4,0,0.996,attack
2024-01-01 11:14:00,doorbell,12.496,4872.4,3,2,0.185,benign
2024-01-01 11:14:05,webcam,15.468,5119.5,3,2,0.071,benign
2024-01-01 11:14:10,baby_monitor,19.82,7400.7,1,0,0.313,benign
2024-01-01 11:14:15,thermostat,7.045,6362.3,2,0,0.077,benign
2024-01-01 11:14:20,webcam,5.176,5669.7,6,1,0.29,benign
2024-01-01 11:14:25,doorbell,13.509,4996.5,2,0,0.541,benign
2024-01-01 11:14:30,doorbell,37.645,17898.1,3,0,0.779,attack
2024-01-01 11:14:35,thermostat,10.8,5360.2,0,0,0.429,benign
2024-01-01 11:14:40,baby_monitor,16.051,5610.4,6,0,0.151,benign
2024-01-01 11:14:45,thermostat,32.765,23462.3,5,0,0.902,attack
2024-01-01 11:14:50,webcam,11.735,8709.9,2,1,0.045,benign
2024-01-01 11:14:55,thermostat,7.479,5435.4,2,0,0.165,benign
2024-01-01 11:15:00,webcam,12.999,1770.1,4,1,0.471,benign
2024-01-01 11:15:05,doorbell,17.834,12186.0,5,0,0.956,attack
2024-01-01 11:15:10,webcam,10.623,7717.2,2,1,0.534,benign
2024-01-01 11:15:15,baby_monitor,9.188,6078.0,3,0,0.141,benign
2024-01-01 11:15:20,doorbell,14.857,13801.8,6,0,0.866,attack
2024-01-01 11:15:25,thermostat,11.272,4749.7,6,1,0.032,benign
2024-01-01 11:15:30,doorbell,7.052,3216.5,0,0,0.206,benign
2024-01-01 11:15:35,webcam,11.148,7516.7,6,2,0.08,benign
2024-01-01 11:15:40,doorbell,5.777,3765.2,3,1,0.39,benign
2024-01-01 11:15:45,webcam,13.546,6094.0,4,0,0.127,benign
2024-01-01 11:15:50,thermostat,18.618,3048.9,2,0,0.299,benign
2024-01-01 11:15:55,doorbell,5.066,4677.0,1,1,0.231,benign
2024-01-01 11:16:00,thermostat,15.085,15471.9,6,0,0.783,attack
2024-01-01 11:16:05,thermostat,4.625,4625.5,0,1,0.14,benign
2024-01-01 11:16:10,baby_monitor,8.439,4447.3,5,1,0.403,benign
2024-01-01 11:16:15,doorbell,11.07,5016.0,2,1,0.189,benign
2024-01-01 11:16:20,webcam,12.646,2996.0,3,0,0.053,benign
2024-01-01 11:16:25,doorbell,10.529,2713.8,0,0,0.087,benign
2024-01-01 11:16:30,baby_monitor,12.473,6071.4,2,1,0.263,benign
2024-01-01 11:16:35,baby_monitor,40.869,16751.6,6,0,0.885,attack
2024-01-01 11:16:40,webcam,17.513,21370.4,6,0,0.837,attack
2024-01-01 11:16:45,thermostat,5.847,6677.3,5,1,0.286,benign
2024-01-01 11:16:50,webcam,8.586,6798.0,3,0,0.117,benign
2024-01-01 11:16:55,webcam,5.919,2568.5,2,1,0.337,benign
2024-01-01 11:17:00,doorbell,10.921,3953.3,1,0,0.427,benign
2024-01-01 11:17:05,thermostat,24.467,20693.7,7,2,0.863,attack
2024-01-01 11:17:10,doorbell,23.579,16061.2,7,2,0.737,attack
2024-01-01 11:17:15,thermostat,14.787,8374.2,4,0,0.325,benign
2024-01-01 11:17:20,thermostat,15.417,3638.6,3,0,0.126,benign
2024-01-01 11:17:25,thermostat,15.202,6752.3,2,1,0.502,benign
2024-01-01 11:17:30,doorbell,9.106,5558.4,2,0,0.39,benign
2024-01-01 11:17:35,doorbell,7.149,2539.6,1,1,0.058,benign
2024-01-01 11:17:40,doorbell,11.669,4178.3,4,1,0.242,benign
2024-01-01 11:17:45,webcam,6.029,5393.8,0,0,0.376,benign
2024-01-01 11:17:50,doorbell,12.923,2443.4,2,1,0.362,benign
2024-01-01 11:17:55,baby_monitor,6.841,1889.1,3,0,0.138,benign
2024-01-01 11:18:00,webcam,8.419,2358.1,3,0,0.099,benign
2024-01-01 11:18:05,doorbell,13.051,5388.7,4,1,0.247,benign
2024-01-01 11:18:10,webcam,3.469,4273.0,1,1,0.303,benign
2024-01-01 11:18:15,webcam,6.982,4070.1,0,0,0.101,benign
2024-01-01 11:18:20,webcam,11.026,4121.6,2,0,0.095,benign
2024-01-01 11:18:25,webcam,12.092,2863.8,1,0,0.414,benign
2024-01-01 11:18:30,baby_monitor,11.222,4315.4,1,0,0.127,benign
2024-01-01 11:18:35,webcam,8.37,2269.4,3,0,0.707,benign
2024-01-01 11:18:40,baby_monitor,13.635,6781.5,1,0,0.4,benign
2024-01-01 11:18:45,baby_monitor,5.75,7538.5,0,0,0.135,benign
2024-01-01 11:18:50,doorbell,21.008,5435.1,4,2,0.976,attack
2024-01-01 11:18:55,baby_monitor,10.978,4296.3,1,0,0.196,benign
2024-01-01 11:19:00,doorbell,5.431,4394.0,4,0,0.208,benign
2024-01-01 11:19:05,thermostat,18.905,4738.3,4,2,0.169,benign
2024-01-01 11:19:10,webcam,7.079,6502.3,2,1,0.688,benign
2024-01-01 11:19:15,baby_monitor,13.522,4300.7,1,1,0.285,benign
2024-01-01 11:19:20,baby_monitor,4.966,4867.6,3,0,0.078,benign
2024-01-01 11:19:25,thermostat,17.118,9468.6,6,0,0.05,benign
2024-01-01 11:19:30,thermostat,9.395,4833.1,1,0,0.4,benign
2024-01-01 11:19:35,doorbell,6.986,7649.4,2,0,0.693,benign
2024-01-01 11:19:40,doorbell,8.099,5753.0,2,0,0.529,benign
2024-01-01 11:19:45,webcam,6.456,4169.4,2,0,0.341,benign
2024-01-01 11:19:50,doorbell,8.409,3918.9,5,0,0.131,benign
2024-01-01 11:19:55,thermostat,5.116,4989.1,4,1,0.18,benign
2024-01-01 11:20:00,doorbell,7.094,3310.3,3,1,0.151,benign
2024-01-01 11:20:05,baby_monitor,13.407,3704.2,4,1,0.285,benign
2024-01-01 11:20:10,webcam,10.268,4365.4,1,0,0.344,benign
2024-01-01 11:20:15,thermostat,5.693,5440.0,2,0,0.579,benign
2024-01-01 11:20:20,doorbell,8.543,7739.0,3,0,0.056,benign
2024-01-01 11:20:25,baby_monitor,15.495,4272.6,5,0,0.196,benign
2024-01-01 11:20:30,baby_monitor,7.485,5692.3,4,1,0.135,benign
2024-01-01 11:20:35,webcam,5.402,2558.2,3,0,0.247,benign
2024-01-01 11:20:40,webcam,11.896,6590.4,0,0,0.31,benign
2024-01-01 11:20:45,thermostat,2.744,2417.5,3,1,0.505,benign
2024-01-01 11:20:50,doorbell,8.185,6197.6,1,0,0.32,benign
2024-01-01 11:20:55,webcam,76.817,19208.6,4,0,0.998,attack
2024-01-01 11:21:00,webcam,8.431,4819.0,2,2,0.581,benign
2024-01-01 11:21:05,doorbell,13.998,4549.6,1,0,0.362,benign
2024-01-01 11:21:10,webcam,5.365,3048.1,2,0,0.225,benign
2024-01-01 11:21:15,doorbell,8.28,3127.6,4,0,0.175,benign
2024-01-01 11:21:20,doorbell,7.92,6254.8,3,1,0.112,benign
2024-01-01 11:21:25,doorbell,27.008,17599.3,8,0,0.731,attack
2024-01-01 11:21:30,baby_monitor,33.799,11824.1,7,1,0.902,attack
2024-01-01 11:21:35,webcam,17.052,5665.1,2,0,0.209,benign
2024-01-01 11:21:40,baby_monitor,7.29,5152.0,4,0,0.33,benign
2024-01-01 11:21:45,webcam,9.577,3810.6,3,0,0.429,benign
2024-01-01 11:21:50,doorbell,8.058,8691.5,2,1,0.34,benign
2024-01-01 11:21:55,webcam,9.262,6111.1,2,0,0.328,benign
2024-01-01 11:22:00,webcam,8.884,5190.6,4,0,0.183,benign
2024-01-01 11:22:05,doorbell,6.001,4229.6,3,0,0.537,benign
2024-01-01 11:22:10,webcam,35.35,23783.9,7,1,0.707,attack
2024-01-01 11:22:15,doorbell,6.737,3818.6,0,1,0.278,benign
2024-01-01 11:22:20,webcam,6.511,3692.3,1,0,0.312,benign
2024-01-01 11:22:25,thermostat,4.123,7540.0,1,0,0.503,benign
2024-01-01 11:22:30,doorbell,7.192,5046.0,1,0,0.221,benign
2024-01-01 11:22:35,doorbell,6.696,3855.0,3,0,0.434,benign
2024-01-01 11:22:40,thermostat,1.556,5008.5,2,0,0.093,benign
2024-01-01 11:22:45,webcam,3.049,6275.3,2,1,0.043,benign
2024-01-01 11:22:50,doorbell,8.392,5931.9,1,0,0.397,benign
2024-01-01 11:22:55,baby_monitor,16.713,6461.4,3,1,0.277,benign
2024-01-01 11:23:00,doorbell,4.517,3125.7,1,0,0.089,benign
2024-01-01 11:23:05,thermostat,9.185,6423.7,1,1,0.229,benign
2024-01-01 11:23:10,baby_monitor,23.658,11983.2,6,0,0.839,attack
2024-01-01 11:23:15,doorbell,12.311,5133.7,1,0,0.072,benign
2024-01-01 11:23:20,doorbell,12.714,6814.2,3,2,0.29,benign
2024-01-01 11:23:25,doorbell,22.083,6054.1,3,1,0.495,benign
2024-01-01 11:23:30,doorbell,10.437,5526.6,0,1,0.544,benign
2024-01-01 11:23:35,doorbell,6.278,2024.0,1,0,0.392,benign
2024-01-01 11:23:40,thermostat,25.881,12738.2,12,0,0.705,attack
2024-01-01 11:23:45,doorbell,7.442,3823.0,0,0,0.577,benign
2024-01-01 11:23:50,webcam,6.826,6066.6,2,0,0.549,benign
2024-01-01 11:23:55,baby_monitor,18.536,6486.4,3,1,0.041,benign
2024-01-01 11:24:00,thermostat,12.445,4547.0,4,1,0.246,benign
2024-01-01 11:24:05,webcam,3.91,3999.4,2,0,0.086,benign
2024-01-01 11:24:10,doorbell,11.566,7334.5,2,0,0.086,benign
2024-01-01 11:24:15,webcam,5.477,4095.3,2,0,0.349,benign
2024-01-01 11:24:20,webcam,52.557,9179.1,7,0,0.824,attack
2024-01-01 11:24:25,webcam,14.973,3751.0,2,0,0.315,benign
2024-01-01 11:24:30,doorbell,8.369,4167.5,2,0,0.159,benign
2024-01-01 11:24:35,baby_monitor,7.058,3708.0,1,0,0.406,benign
2024-01-01 11:24:40,webcam,75.799,22456.6,16,3,0.735,attack
2024-01-01 11:24:45,doorbell,6.626,1703.1,2,0,0.2,benign
2024-01-01 11:24:50,webcam,6.299,3676.2,4,0,0.144,benign
2024-01-01 11:24:55,webcam,5.801,4928.8,2,1,0.628,benign
2024-01-01 11:25:00,thermostat,8.981,5315.4,2,1,0.324,benign
2024-01-01 11:25:05,thermostat,10.423,7537.8,2,0,0.198,benign
2024-01-01 11:25:10,thermostat,14.076,7317.9,1,0,0.025,benign
2024-01-01 11:25:15,doorbell,11.8,2598.9,3,1,0.078,benign
2024-01-01 11:25:20,webcam,40.978,5471.1,6,0,0.72,attack
2024-01-01 11:25:25,webcam,71.633,16556.1,9,1,0.812,attack
2024-01-01 11:25:30,doorbell,5.667,3990.2,2,2,0.297,benign
2024-01-01 11:25:35,doorbell,4.378,3212.0,1,1,0.329,benign
2024-01-01 11:25:40,thermostat,12.057,5024.2,2,0,0.477,benign
2024-01-01 11:25:45,doorbell,8.788,5346.0,3,0,0.643,benign
2024-01-01 11:25:50,webcam,14.099,3741.5,2,1,0.088,benign
2024-01-01 11:25:55,doorbell,9.167,4063.9,1,0,0.025,benign
2024-01-01 11:26:00,doorbell,20.476,8655.6,7,0,0.752,attack
2024-01-01 11:26:05,doorbell,40.274,15603.0,6,1,0.771,attack
2024-01-01 11:26:10,baby_monitor,9.689,5812.2,2,0,0.169,benign
2024-01-01 11:26:15,thermostat,9.171,3383.1,4,0,0.035,benign
2024-01-01 11:26:20,baby_monitor,23.922,4039.0,1,1,0.118,benign
2024-01-01 11:26:25,webcam,15.442,4401.1,2,0,0.094,benign
2024-01-01 11:26:30,doorbell,12.818,4989.9,3,0,0.275,benign
2024-01-01 11:26:35,webcam,9.825,5414.0,3,0,0.199,benign
2024-01-01 11:26:40,webcam,9.447,8063.4,2,0,0.398,benign
2024-01-01 11:26:45,thermostat,8.082,5858.2,0,0,0.287,benign
2024-01-01 11:26:50,doorbell,10.273,5893.9,1,0,0.155,benign
2024-01-01 11:26:55,webcam,33.068,16350.2,5,1,0.764,attack
2024-01-01 11:27:00,doorbell,5.081,3530.2,1,1,0.734,benign
2024-01-01 11:27:05,doorbell,9.119,4207.7,3,0,0.259,benign
2024-01-01 11:27:10,thermostat,10.648,3934.5,0,1,0.07,benign
2024-01-01 11:27:15,webcam,65.914,12781.6,10,0,0.789,attack
2024-01-01 11:27:20,webcam,6.316,2523.1,2,1,0.334,benign
2024-01-01 11:27:25,webcam,9.481,5888.8,2,0,0.467,benign
2024-01-01 11:27:30,webcam,11.759,4824.1,2,0,0.212,benign
2024-01-01 11:27:35,thermostat,11.644,6100.0,4,1,0.179,benign
2024-01-01 11:27:40,baby_monitor,18.122,3914.1,5,0,0.255,benign
2024-01-01 11:27:45,baby_monitor,8.155,3647.9,1,0,0.52,benign
2024-01-01 11:27:50,thermostat,6.062,4390.0,2,0,0.073,benign
2024-01-01 11:27:55,doorbell,9.762,4354.0,0,0,0.178,benign
2024-01-01 11:28:00,thermostat,8.351,6209.5,3,0,0.585,benign
2024-01-01 11:28:05,webcam,7.683,6195.2,3,0,0.284,benign
2024-01-01 11:28:10,doorbell,7.208,7857.5,8,0,0.058,benign
2024-01-01 11:28:15,thermostat,10.667,4256.8,6,1,0.496,benign
2024-01-01 11:28:20,doorbell,17.52,283.1,7,1,0.722,attack
2024-01-01 11:28:25,baby_monitor,12.813,4385.9,3,0,0.349,benign
2024-01-01 11:28:30,webcam,12.548,5346.0,1,0,0.344,benign
2024-01-01 11:28:35,webcam,11.094,6071.8,3,0,0.419,benign
2024-01-01 11:28:40,thermostat,5.662,5455.4,3,1,0.357,benign
2024-01-01 11:28:45,baby_monitor,10.454,4255.6,2,1,0.375,benign
2024-01-01 11:28:50,webcam,31.414,15844.6,9,1,0.911,attack
2024-01-01 11:28:55,webcam,13.216,3449.4,1,0,0.092,benign
2024-01-01 11:29:00,doorbell,12.41,4588.0,3,2,0.515,benign
2024-01-01 11:29:05,webcam,9.417,3380.1,2,0,0.15,benign
2024-01-01 11:29:10,doorbell,9.229,5029.4,0,1,0.094,benign
2024-01-01 11:29:15,thermostat,15.552,7383.5,5,0,0.206,benign
2024-01-01 11:29:20,webcam,10.592,4788.6,2,0,0.023,benign
2024-01-01 11:29:25,thermostat,10.651,4797.8,2,0,0.311,benign
2024-01-01 11:29:30,doorbell,27.015,2456.1,0,0,0.313,benign
2024-01-01 11:29:35,doorbell,8.074,4569.5,4,2,0.497,benign
2024-01-01 11:29:40,thermostat,2.902,6725.7,1,0,0.219,benign
2024-01-01 11:29:45,doorbell,8.617,4624.6,5,3,0.285,benign
2024-01-01 11:29:50,doorbell,8.847,4523.3,4,1,0.246,benign
2024-01-01 11:29:55,doorbell,10.522,6658.6,1,0,0.132,benign
2024-01-01 11:30:00,baby_monitor,11.595,4529.7,1,0,0.251,benign
2024-01-01 11:30:05,thermostat,3.19,6938.1,2,2,0.388,benign
2024-01-01 11:30:10,webcam,11.7,3073.0,1,0,0.134,benign
2024-01-01 11:30:15,doorbell,9.088,6016.8,3,1,0.07,benign
2024-01-01 11:30:20,doorbell,8.244,7469.5,4,0,0.137,benign
2024-01-01 11:30:25,thermostat,3.997,6511.8,2,0,0.113,benign
2024-01-01 11:30:30,thermostat,16.958,2199.1,4,2,0.143,benign
2024-01-01 11:30:35,doorbell,7.636,4042.5,2,0,0.149,benign
2024-01-01 11:30:40,doorbell,12.482,4637.1,4,0,0.295,benign
2024-01-01 11:30:45,doorbell,6.273,6514.9,4,0,0.123,benign
2024-01-01 11:30:50,thermostat,10.725,3002.6,2,1,0.24,benign
2024-01-01 11:30:55,thermostat,8.303,3471.6,3,0,0.368,benign
2024-01-01 11:31:00,doorbell,12.316,2592.3,2,0,0.023,benign
2024-01-01 11:31:05,doorbell,8.177,3761.3,4,0,0.18,benign
2024-01-01 11:31:10,doorbell,6.136,3122.6,1,0,0.566,benign
2024-01-01 11:31:15,baby_monitor,24.024,25991.5,5,0,0.813,attack
2024-01-01 11:31:20,doorbell,9.065,4028.9,4,0,0.271,benign
2024-01-01 11:31:25,thermostat,10.415,6036.4,1,1,0.025,benign
2024-01-01 11:31:30,webcam,13.919,5027.0,5,3,0.777,benign
2024-01-01 11:31:35,webcam,5.49,5005.9,1,0,0.233,benign
2024-01-01 11:31:40,doorbell,13.613,4112.8,1,0,0.288,benign
2024-01-01 11:31:45,doorbell,5.089,6155.0,1,0,0.132,benign
2024-01-01 11:31:50,webcam,12.111,5231.5,2,0,0.203,benign
2024-01-01 11:31:55,thermostat,12.275,5145.1,3,0,0.435,benign
2024-01-01 11:32:00,webcam,7.452,4109.9,2,0,0.136,benign
2024-01-01 11:32:05,webcam,6.424,4355.3,3,0,0.275,benign
2024-01-01 11:32:10,doorbell,6.265,5883.4,2,0,0.328,benign
2024-01-01 11:32:15,baby_monitor,9.664,5345.1,0,1,0.212,benign
2024-01-01 11:32:20,thermostat,12.62,5185.2,2,0,0.27,benign
2024-01-01 11:32:25,doorbell,8.735,3868.9,3,1,0.327,benign
2024-01-01 11:32:30,baby_monitor,2.731,7916.2,5,0,0.105,benign
2024-01-01 11:32:35,webcam,7.228,4280.4,2,0,0.205,benign
2024-01-01 11:32:40,webcam,7.11,4954.6,1,0,0.328,benign
2024-01-01 11:32:45,thermostat,11.561,4719.4,3,1,0.465,benign
2024-01-01 11:32:50,thermostat,37.536,28404.4,4,1,0.799,attack
2024-01-01 11:32:55,thermostat,9.991,4563.8,4,1,0.033,benign
2024-01-01 11:33:00,doorbell,13.623,4426.5,3,0,0.333,benign
2024-01-01 11:33:05,doorbell,14.062,5177.5,3,1,0.509,benign
2024-01-01 11:33:10,baby_monitor,7.425,3959.7,1,1,0.243,benign
2024-01-01 11:33:15,doorbell,6.2,5167.4,0,0,0.329,benign
2024-01-01 11:33:20,webcam,27.724,34185.6,11,0,0.837,attack
2024-01-01 11:33:25,webcam,9.983,5449.5,2,1,0.291,benign
2024-01-01 11:33:30,webcam,7.254,5394.9,4,0,0.348,benign
2024-01-01 11:33:35,webcam,29.937,3923.1,0,1,0.421,benign
2024-01-01 11:33:40,baby_monitor,16.529,7563.8,3,1,0.337,benign
2024-01-01 11:33:45,doorbell,6.945,7908.5,4,0,0.246,benign
2024-01-01 11:33:50,doorbell,5.601,6279.0,4,0,0.367,benign
2024-01-01 11:33:55,doorbell,6.688,5980.7,2,0,0.131,benign
2024-01-01 11:34:00,baby_monitor,14.17,4647.9,2,1,0.308,benign
2024-01-01 11:34:05,webcam,44.48,13608.8,11,0,0.982,attack
2024-01-01 11:34:10,doorbell,76.932,9673.8,5,0,0.765,attack
2024-01-01 11:34:15,thermostat,6.114,3310.8,4,2,0.103,benign
2024-01-01 11:34:20,baby_monitor,11.541,2769.0,0,0,0.17,benign
2024-01-01 11:34:25,thermostat,6.38,5616.0,3,0,0.64,benign
2024-01-01 11:34:30,baby_monitor,18.157,2932.4,0,0,0.268,benign
2024-01-01 11:34:35,doorbell,6.213,4250.5,7,1,0.526,benign
2024-01-01 11:34:40,thermostat,4.994,4908.2,2,0,0.254,benign
2024-01-01 11:34:45,webcam,5.449,6492.9,2,0,0.561,benign
2024-01-01 11:34:50,thermostat,9.291,4132.7,1,0,0.456,benign
2024-01-01 11:34:55,thermostat,49.177,15258.0,8,2,0.904,attack
2024-01-01 11:35:00,thermostat,12.193,6408.7,6,0,0.368,benign
2024-01-01 11:35:05,thermostat,5.561,3393.0,2,0,0.323,benign
2024-01-01 11:35:10,doorbell,7.812,6684.2,1,0,0.267,benign
2024-01-01 11:35:15,webcam,7.348,4574.6,1,1,0.326,benign
2024-01-01 11:35:20,baby_monitor,5.184,4251.6,0,0,0.534,benign
2024-01-01 11:35:25,baby_monitor,7.269,4581.0,4,2,0.415,benign
2024-01-01 11:35:30,doorbell,16.31,4994.7,1,0,0.315,benign
2024-01-01 11:35:35,doorbell,4.846,4377.4,3,2,0.433,benign
2024-01-01 11:35:40,doorbell,10.277,3740.5,4,1,0.25,benign
2024-01-01 11:35:45,thermostat,16.472,3873.1,6,2,0.176,benign
2024-01-01 11:35:50,thermostat,16.107,5208.4,3,0,0.136,benign
2024-01-01 11:35:55,doorbell,18.525,4759.3,6,2,0.408,benign
2024-01-01 11:36:00,webcam,10.715,5791.0,3,0,0.321,benign
2024-01-01 11:36:05,thermostat,44.881,11040.8,3,0,0.815,attack
2024-01-01 11:36:10,thermostat,7.331,5115.5,4,0,0.079,benign
2024-01-01 11:36:15,webcam,16.559,19024.2,5,1,0.951,attack
2024-01-01 11:36:20,webcam,8.728,7128.4,5,2,0.325,benign
2024-01-01 11:36:25,webcam,14.918,7188.5,4,1,0.148,benign
2024-01-01 11:36:30,doorbell,2.706,7010.6,1,0,0.421,benign
2024-01-01 11:36:35,webcam,7.485,6305.7,2,0,0.079,benign
2024-01-01 11:36:40,thermostat,11.883,8128.1,2,1,0.08,benign
2024-01-01 11:36:45,baby_monitor,9.347,5656.7,3,1,0.281,benign
2024-01-01 11:36:50,webcam,15.72,5488.3,1,0,0.083,benign
2024-01-01 11:36:55,thermostat,14.255,8365.9,4,1,0.166,benign
2024-01-01 11:37:00,doorbell,4.497,911.0,1,1,0.134,benign
2024-01-01 11:37:05,webcam,9.696,4679.2,3,1,0.283,benign
2024-01-01 11:37:10,doorbell,6.528,6878.7,5,1,0.044,benign
2024-01-01 11:37:15,doorbell,13.037,17700.6,2,0,0.824,attack
2024-01-01 11:37:20,thermostat,4.673,8848.5,0,0,0.458,benign
2024-01-01 11:37:25,baby_monitor,10.41,5161.2,4,1,0.533,benign
2024-01-01 11:37:30,doorbell,15.862,4353.8,2,0,0.108,benign
2024-01-01 11:37:35,webcam,10.818,4501.9,2,0,0.083,benign
2024-01-01 11:37:40,thermostat,4.526,5477.1,4,0,0.279,benign
2024-01-01 11:37:45,doorbell,9.112,7432.5,2,0,0.174,benign
2024-01-01 11:37:50,webcam,11.68,7451.2,1,0,0.032,benign
2024-01-01 11:37:55,thermostat,8.811,4916.0,2,0,0.196,benign
2024-01-01 11:38:00,webcam,40.784,14599.1,6,0,0.703,attack
2024-01-01 11:38:05,doorbell,6.777,4082.6,2,0,0.078,benign
2024-01-01 11:38:10,webcam,8.352,4239.2,2,0,0.268,benign
2024-01-01 11:38:15,thermostat,8.118,6569.4,0,0,0.411,benign
2024-01-01 11:38:20,webcam,17.122,7403.3,1,1,0.33,benign
2024-01-01 11:38:25,doorbell,5.619,3954.1,3,1,0.398,benign
2024-01-01 11:38:30,thermostat,2.911,5364.4,0,0,0.442,benign
2024-01-01 11:38:35,doorbell,16.646,4635.4,1,1,0.165,benign
2024-01-01 11:38:40,thermostat,9.843,6295.8,1,0,0.422,benign
2024-01-01 11:38:45,doorbell,5.055,4417.2,3,2,0.277,benign
2024-01-01 11:38:50,baby_monitor,13.714,2110.3,5,0,0.09,benign
2024-01-01 11:38:55,webcam,11.993,6505.5,2,0,0.39,benign
2024-01-01 11:39:00,doorbell,18.335,4544.8,4,1,0.528,benign
2024-01-01 11:39:05,doorbell,10.19,4700.8,3,0,0.182,benign
2024-01-01 11:39:10,doorbell,23.953,5653.4,1,0,0.328,benign
2024-01-01 11:39:15,baby_monitor,8.846,5529.3,3,1,0.52,benign
2024-01-01 11:39:20,baby_monitor,12.002,5684.2,4,2,0.364,benign
2024-01-01 11:39:25,webcam,12.757,2555.4,0,0,0.265,benign
2024-01-01 11:39:30,webcam,30.277,5834.5,1,0,0.135,benign
2024-01-01 11:39:35,thermostat,7.62,2136.4,1,0,0.395,benign
2024-01-01 11:39:40,baby_monitor,7.508,6154.3,1,0,0.119,benign
2024-01-01 11:39:45,webcam,53.636,22261.0,7,1,0.778,attack
2024-01-01 11:39:50,webcam,4.84,2947.2,1,0,0.417,benign
2024-01-01 11:39:55,webcam,15.993,21029.8,8,1,0.816,attack
2024-01-01 11:40:00,thermostat,8.735,6585.8,0,0,0.111,benign
2024-01-01 11:40:05,doorbell,18.082,4326.5,2,0,0.244,benign
2024-01-01 11:40:10,webcam,12.875,6010.5,2,0,0.037,benign
2024-01-01 11:40:15,webcam,9.668,821.9,2,0,0.209,benign
2024-01-01 11:40:20,thermostat,7.292,6647.3,4,1,0.191,benign
2024-01-01 11:40:25,doorbell,2.873,5045.0,2,1,0.312,benign
2024-01-01 11:40:30,webcam,21.229,4613.3,2,0,0.516,benign
2024-01-01 11:40:35,webcam,9.085,6476.1,1,0,0.244,benign
2024-01-01 11:40:40,webcam,6.504,7593.9,2,1,0.309,benign
2024-01-01 11:40:45,doorbell,23.033,5728.6,1,0,0.33,benign
2024-01-01 11:40:50,webcam,4.951,7413.1,3,1,0.219,benign
2024-01-01 11:40:55,webcam,16.078,2670.1,1,0,0.134,benign
2024-01-01 11:41:00,webcam,9.396,5998.9,4,1,0.205,benign
2024-01-01 11:41:05,webcam,12.861,4802.0,1,1,0.168,benign
2024-01-01 11:41:10,thermostat,11.858,3817.7,1,0,0.112,benign
2024-01-01 11:41:15,thermostat,12.78,2107.0,3,0,0.21,benign
2024-01-01 11:41:20,doorbell,23.971,5917.7,1,0,0.494,benign
2024-01-01 11:41:25,thermostat,22.315,6312.9,2,1,0.318,benign
2024-01-01 11:41:30,webcam,6.67,7013.0,3,0,0.253,benign
2024-01-01 11:41:35,doorbell,11.66,6764.7,8,2,0.241,benign
2024-01-01 11:41:40,doorbell,3.765,3842.4,1,0,0.246,benign
2024-01-01 11:41:45,doorbell,13.388,6936.1,3,1,0.094,benign
2024-01-01 11:41:50,thermostat,14.768,7094.5,1,0,0.168,benign
2024-01-01 11:41:55,thermostat,2.933,4610.0,3,1,0.525,benign
2024-01-01 11:42:00,thermostat,9.238,5042.6,3,1,0.284,benign
2024-01-01 11:42:05,webcam,49.063,8756.6,6,1,0.81,attack
2024-01-01 11:42:10,webcam,10.934,7221.3,4,1,0.596,benign
2024-01-01 11:42:15,doorbell,5.002,2732.3,4,0,0.158,benign
2024-01-01 11:42:20,doorbell,5.278,5802.5,0,0,0.39,benign
2024-01-01 11:42:25,webcam,8.748,4104.8,4,1,0.143,benign
2024-01-01 11:42:30,doorbell,7.619,3338.2,0,1,0.245,benign
2024-01-01 11:42:35,doorbell,7.959,2187.9,0,0,0.471,benign
2024-01-01 11:42:40,webcam,4.656,4676.9,1,0,0.532,benign
2024-01-01 11:42:45,thermostat,9.47,3103.1,2,1,0.298,benign
2024-01-01 11:42:50,baby_monitor,18.144,5084.6,3,1,0.348,benign
2024-01-01 11:42:55,baby_monitor,14.904,30288.9,8,0,0.751,attack
2024-01-01 11:43:00,webcam,8.416,5299.3,3,1,0.652,benign
2024-01-01 11:43:05,webcam,12.222,7995.9,3,2,0.438,benign
2024-01-01 11:43:10,webcam,4.097,3526.6,0,1,0.087,benign
2024-01-01 11:43:15,thermostat,9.513,3078.6,1,0,0.297,benign
2024-01-01 11:43:20,doorbell,14.57,3459.5,1,0,0.166,benign
2024-01-01 11:43:25,webcam,5.665,4902.3,1,1,0.468,benign
2024-01-01 11:43:30,thermostat,9.933,9084.4,2,0,0.298,benign
2024-01-01 11:43:35,webcam,14.105,2506.8,4,2,0.005,benign
2024-01-01 11:43:40,webcam,83.359,23202.4,4,0,0.913,attack
2024-01-01 11:43:45,webcam,9.703,3950.1,5,0,0.24,benign
2024-01-01 11:43:50,doorbell,6.577,4664.3,0,0,0.374,benign
2024-01-01 11:43:55,webcam,3.47,3113.0,3,0,0.32,benign
2024-01-01 11:44:00,doorbell,6.604,6318.7,1,0,0.142,benign
2024-01-01 11:44:05,doorbell,4.519,4934.1,2,1,0.119,benign
2024-01-01 11:44:10,doorbell,18.802,6631.2,1,0,0.346,benign
2024-01-01 11:44:15,thermostat,13.726,5262.9,1,1,0.411,benign
2024-01-01 11:44:20,doorbell,5.277,2102.6,3,0,0.254,benign
2024-01-01 11:44:25,webcam,19.388,14961.7,5,1,0.99,attack
2024-01-01 11:44:30,doorbell,9.631,1980.5,3,1,0.454,benign
2024-01-01 11:44:35,baby_monitor,60.314,6980.7,6,1,0.848,attack
2024-01-01 11:44:40,doorbell,58.149,12792.4,5,0,0.84,attack
2024-01-01 11:44:45,webcam,11.172,3644.2,4,1,0.088,benign
2024-01-01 11:44:50,baby_monitor,10.232,7094.0,3,1,0.516,benign
2024-01-01 11:44:55,thermostat,5.421,4743.3,3,0,0.617,benign
2024-01-01 11:45:00,doorbell,9.688,6871.1,3,1,0.238,benign
2024-01-01 11:45:05,thermostat,9.162,4148.1,6,3,0.352,benign
2024-01-01 11:45:10,webcam,18.362,18566.7,9,0,0.92,attack
2024-01-01 11:45:15,webcam,18.591,5711.1,4,1,0.343,benign
2024-01-01 11:45:20,doorbell,7.011,6044.1,5,1,0.32,benign
2024-01-01 11:45:25,doorbell,4.549,4302.6,1,0,0.098,benign
2024-01-01 11:45:30,thermostat,7.573,4433.2,4,1,0.115,benign
2024-01-01 11:45:35,webcam,8.264,4552.8,0,1,0.17,benign
2024-01-01 11:45:40,webcam,9.036,2521.4,1,0,0.322,benign
2024-01-01 11:45:45,thermostat,8.2,4874.1,3,0,0.339,benign
2024-01-01 11:45:50,thermostat,9.272,4424.5,2,1,0.31,benign
2024-01-01 11:45:55,doorbell,9.995,5870.1,3,1,0.014,benign
2024-01-01 11:46:00,webcam,9.762,5137.0,7,2,0.301,benign
2024-01-01 11:46:05,doorbell,11.135,7004.6,5,0,0.206,benign
2024-01-01 11:46:10,thermostat,11.433,5105.1,3,0,0.261,benign
2024-01-01 11:46:15,thermostat,11.562,4156.7,3,2,0.147,benign
2024-01-01 11:46:20,baby_monitor,12.85,5086.5,3,0,0.29,benign
2024-01-01 11:46:25,doorbell,6.65,6086.3,1,1,0.168,benign
2024-01-01 11:46:30,doorbell,6.766,2340.2,4,2,0.166,benign
2024-01-01 11:46:35,doorbell,14.551,3927.1,5,1,0.114,benign
